#
# There is insufficient memory for the Java Runtime Environment to continue.
# Native memory allocation (mmap) failed to map 79691776 bytes. Error detail: G1 virtual space
# Possible reasons:
#   The system is out of physical RAM or swap space
#   This process is running with CompressedOops enabled, and the Java Heap may be blocking the growth of the native heap
# Possible solutions:
#   Reduce memory load on the system
#   Increase physical memory or swap space
#   Check if swap backing store is full
#   Decrease Java heap size (-Xmx/-Xms)
#   Decrease number of Java threads
#   Decrease Java thread stack sizes (-Xss)
#   Set larger code cache with -XX:ReservedCodeCacheSize=
#   JVM is running with Zero Based Compressed Oops mode in which the Java heap is
#     placed in the first 32GB address space. The Java Heap base address is the
#     maximum limit for the native heap growth. Please use -XX:HeapBaseMinAddress
#     to set the Java Heap base and to place the Java Heap above 32GB virtual address.
# This output file may be truncated or incomplete.
#
#  Out of Memory Error (os_windows.cpp:3925), pid=7144, tid=36860
#
# JRE version: OpenJDK Runtime Environment (21.0.9) (build 21.0.9+-14649483-b1163.86)
# Java VM: OpenJDK 64-Bit Server VM (21.0.9+-14649483-b1163.86, mixed mode, tiered, compressed oops, compressed class ptrs, g1 gc, windows-amd64)
# No core dump will be written. Minidumps are not enabled by default on client versions of Windows
#

---------------  S U M M A R Y ------------

Command Line: --add-opens=java.base/java.lang=ALL-UNNAMED --add-opens=java.base/java.lang.invoke=ALL-UNNAMED --add-opens=java.base/java.util=ALL-UNNAMED --add-opens=java.prefs/java.util.prefs=ALL-UNNAMED --add-exports=jdk.compiler/com.sun.tools.javac.api=ALL-UNNAMED --add-exports=jdk.compiler/com.sun.tools.javac.util=ALL-UNNAMED --add-opens=java.base/java.util=ALL-UNNAMED --add-opens=java.prefs/java.util.prefs=ALL-UNNAMED --add-opens=java.base/java.nio.charset=ALL-UNNAMED --add-opens=java.base/java.net=ALL-UNNAMED --add-opens=java.base/java.util.concurrent.atomic=ALL-UNNAMED --add-opens=java.xml/javax.xml.namespace=ALL-UNNAMED -XX:MaxMetaspaceSize=4G -XX:ReservedCodeCacheSize=512m -XX:+HeapDumpOnOutOfMemoryError -Xmx8G -Dfile.encoding=UTF-8 -Duser.country=ID -Duser.language=en -Duser.variant -javaagent:C:\Users\VICTUS\.gradle\wrapper\dists\gradle-8.14-all\c2qonpi39x1mddn7hk5gh9iqj\gradle-8.14\lib\agents\gradle-instrumentation-agent-8.14.jar org.gradle.launcher.daemon.bootstrap.GradleDaemon 8.14

Host: 12th Gen Intel(R) Core(TM) i5-12500H, 16 cores, 7G,  Windows 11 , 64 bit Build 26100 (10.0.26100.7920)
Time: Sat Apr 18 03:45:02 2026 SE Asia Standard Time elapsed time: 25.721505 seconds (0d 0h 0m 25s)

---------------  T H R E A D  ---------------

Current thread (0x000001ed40355460):  VMThread "VM Thread"          [id=36860, stack(0x00000022b4a00000,0x00000022b4b00000) (1024K)]

Stack: [0x00000022b4a00000,0x00000022b4b00000]
Native frames: (J=compiled Java code, j=interpreted, Vv=VM code, C=native code)
V  [jvm.dll+0x6d6c99]
V  [jvm.dll+0x866b83]
V  [jvm.dll+0x86919e]
V  [jvm.dll+0x869883]
V  [jvm.dll+0x280776]
V  [jvm.dll+0x6d3555]
V  [jvm.dll+0x6c6bea]
V  [jvm.dll+0x3587fb]
V  [jvm.dll+0x360476]
V  [jvm.dll+0x3b2646]
V  [jvm.dll+0x3b2918]
V  [jvm.dll+0x32af0c]
V  [jvm.dll+0x32af97]
V  [jvm.dll+0x370e7c]
V  [jvm.dll+0x36f62e]
V  [jvm.dll+0x32a661]
V  [jvm.dll+0x36ed30]
V  [jvm.dll+0x86f608]
V  [jvm.dll+0x870984]
V  [jvm.dll+0x870ec0]
V  [jvm.dll+0x871153]
V  [jvm.dll+0x80f118]
V  [jvm.dll+0x6d54ed]
C  [ucrtbase.dll+0x37b0]
C  [KERNEL32.DLL+0x2e8d7]
C  [ntdll.dll+0x8c48c]

VM_Operation (0x00000022b69ea870): G1CollectForAllocation, mode: safepoint, requested by thread 0x000001ed46477310


---------------  P R O C E S S  ---------------

Threads class SMR info:
_java_thread_list=0x000001ed51932090, length=193, elements={
0x000001ed0f5fdcc0, 0x000001ed403c9b10, 0x000001ed403cedb0, 0x000001ed403cf810,
0x000001ed403f9570, 0x000001ed403f9be0, 0x000001ed403fba40, 0x000001ed403fc0b0,
0x000001ed403fce40, 0x000001ed40410910, 0x000001ed406dea70, 0x000001ed4046ff10,
0x000001ed4046d630, 0x000001ed47a8b210, 0x000001ed45c33ef0, 0x000001ed45f17030,
0x000001ed45dcab90, 0x000001ed45dd0af0, 0x000001ed475169c0, 0x000001ed46477310,
0x000001ed46474520, 0x000001ed464758d0, 0x000001ed464779a0, 0x000001ed46474bb0,
0x000001ed46475f60, 0x000001ed46475240, 0x000001ed464765f0, 0x000001ed49b90cc0,
0x000001ed49b919e0, 0x000001ed49b8e560, 0x000001ed49b90630, 0x000001ed49b8ebf0,
0x000001ed49b92700, 0x000001ed49b8f280, 0x000001ed49b947d0, 0x000001ed46eca4a0,
0x000001ed46ecd290, 0x000001ed46ecbee0, 0x000001ed46ec9e10, 0x000001ed46ecb1c0,
0x000001ed46ecd920, 0x000001ed46ecdfb0, 0x000001ed46ecb850, 0x000001ed46ecab30,
0x000001ed46ececd0, 0x000001ed46ed0080, 0x000001ed46ecf360, 0x000001ed46ecf9f0,
0x000001ed46ed0710, 0x000001ed46ed0da0, 0x000001ed46ed1430, 0x000001ed46ece640,
0x000001ed499c7130, 0x000001ed499c56f0, 0x000001ed499c84e0, 0x000001ed499c5060,
0x000001ed499c6aa0, 0x000001ed499c5d80, 0x000001ed499c77c0, 0x000001ed499c6410,
0x000001ed499c7e50, 0x000001ed46c06610, 0x000001ed46c04bd0, 0x000001ed46c03eb0,
0x000001ed46c03820, 0x000001ed46c058f0, 0x000001ed46c05260, 0x000001ed46c03190,
0x000001ed46c05f80, 0x000001ed46c06ca0, 0x000001ed46c07330, 0x000001ed46c079c0,
0x000001ed46c04540, 0x000001ed46c09400, 0x000001ed46c08d70, 0x000001ed46c09a90,
0x000001ed46c08050, 0x000001ed46c086e0, 0x000001ed46c0a120, 0x000001ed46c0a7b0,
0x000001ed48b4bcc0, 0x000001ed48b49560, 0x000001ed48b4d700, 0x000001ed48b4dd90,
0x000001ed46f6d1a0, 0x000001ed46f6bdf0, 0x000001ed46f6b760, 0x000001ed46f6c480,
0x000001ed46f6cb10, 0x000001ed46f69d20, 0x000001ed46f6d830, 0x000001ed46f6a3b0,
0x000001ed46f6aa40, 0x000001ed46f6e550, 0x000001ed46f6b0d0, 0x000001ed46f6ebe0,
0x000001ed46f6f270, 0x000001ed46f70620, 0x000001ed46f6f900, 0x000001ed46f70cb0,
0x000001ed46f71340, 0x000001ed46f6dec0, 0x000001ed497c1440, 0x000001ed497c27f0,
0x000001ed497c2e80, 0x000001ed497c1ad0, 0x000001ed497c2160, 0x000001ed497c3510,
0x000001ed497c0090, 0x000001ed497c0db0, 0x000001ed497c3ba0, 0x000001ed497c0720,
0x000001ed497c7020, 0x000001ed497c6300, 0x000001ed497c5c70, 0x000001ed497c76b0,
0x000001ed497c6990, 0x000001ed497c4f50, 0x000001ed497c4230, 0x000001ed497c48c0,
0x000001ed497c55e0, 0x000001ed49c195d0, 0x000001ed49c167e0, 0x000001ed49c17500,
0x000001ed49c188b0, 0x000001ed49c17b90, 0x000001ed49c16150, 0x000001ed49c18f40,
0x000001ed49c19c60, 0x000001ed49c1a2f0, 0x000001ed49c16e70, 0x000001ed49c1a980,
0x000001ed49c1b010, 0x000001ed49c1b6a0, 0x000001ed49c18220, 0x000001ed49c1bd30,
0x000001ed49c1c3c0, 0x000001ed49c1ca50, 0x000001ed49c1d0e0, 0x000001ed49c1d770,
0x000001ed46d46ab0, 0x000001ed46d49210, 0x000001ed46d498a0, 0x000001ed46d47140,
0x000001ed46d4a5c0, 0x000001ed46d49f30, 0x000001ed46d477d0, 0x000001ed46d47e60,
0x000001ed46d48b80, 0x000001ed46d4b2e0, 0x000001ed46d4b970, 0x000001ed46d484f0,
0x000001ed46d4c000, 0x000001ed46d4da40, 0x000001ed46d4c690, 0x000001ed46d4cd20,
0x000001ed46d4d3b0, 0x000001ed46d4e0d0, 0x000001ed47031f10, 0x000001ed47033950,
0x000001ed47033fe0, 0x000001ed47030b60, 0x000001ed470325a0, 0x000001ed470311f0,
0x000001ed47034670, 0x000001ed47034d00, 0x000001ed47031880, 0x000001ed470360b0,
0x000001ed47035390, 0x000001ed47035a20, 0x000001ed470332c0, 0x000001ed47039530,
0x000001ed47039bc0, 0x000001ed47038180, 0x000001ed47038810, 0x000001ed47038ea0,
0x000001ed47037af0, 0x000001ed47036740, 0x000001ed4703a250, 0x000001ed47036dd0,
0x000001ed4703dd60, 0x000001ed4703bc90, 0x000001ed4703c320, 0x000001ed4703d6d0,
0x000001ed4703d040, 0x000001ed4703c9b0, 0x000001ed4703a8e0, 0x000001ed4703e3f0,
0x000001ed4703af70, 0x000001ed4703ea80, 0x000001ed4703b600, 0x000001ed4779f380,
0x000001ed52262590
}

Java Threads: ( => current thread )
  0x000001ed0f5fdcc0 JavaThread "main"                              [_thread_blocked, id=34644, stack(0x00000022b4300000,0x00000022b4400000) (1024K)]
  0x000001ed403c9b10 JavaThread "Common-Cleaner"             daemon [_thread_blocked, id=19124, stack(0x00000022b4b00000,0x00000022b4c00000) (1024K)]
  0x000001ed403cedb0 JavaThread "Reference Handler"          daemon [_thread_blocked, id=21716, stack(0x00000022b4c00000,0x00000022b4d00000) (1024K)]
  0x000001ed403cf810 JavaThread "Finalizer"                  daemon [_thread_blocked, id=36656, stack(0x00000022b4d00000,0x00000022b4e00000) (1024K)]
  0x000001ed403f9570 JavaThread "Signal Dispatcher"          daemon [_thread_blocked, id=27600, stack(0x00000022b4e00000,0x00000022b4f00000) (1024K)]
  0x000001ed403f9be0 JavaThread "Attach Listener"            daemon [_thread_blocked, id=21708, stack(0x00000022b4f00000,0x00000022b5000000) (1024K)]
  0x000001ed403fba40 JavaThread "Service Thread"             daemon [_thread_blocked, id=7576, stack(0x00000022b5000000,0x00000022b5100000) (1024K)]
  0x000001ed403fc0b0 JavaThread "Monitor Deflation Thread"   daemon [_thread_blocked, id=11796, stack(0x00000022b5100000,0x00000022b5200000) (1024K)]
  0x000001ed403fce40 JavaThread "C2 CompilerThread0"         daemon [_thread_blocked, id=944, stack(0x00000022b5200000,0x00000022b5300000) (1024K)]
  0x000001ed40410910 JavaThread "C1 CompilerThread0"         daemon [_thread_blocked, id=24572, stack(0x00000022b5300000,0x00000022b5400000) (1024K)]
  0x000001ed406dea70 JavaThread "Notification Thread"        daemon [_thread_blocked, id=32244, stack(0x00000022b5400000,0x00000022b5500000) (1024K)]
  0x000001ed4046ff10 JavaThread "C1 CompilerThread1"         daemon [_thread_blocked, id=37520, stack(0x00000022b5700000,0x00000022b5800000) (1024K)]
  0x000001ed4046d630 JavaThread "C1 CompilerThread2"         daemon [_thread_blocked, id=11176, stack(0x00000022b5c00000,0x00000022b5d00000) (1024K)]
  0x000001ed47a8b210 JavaThread "Daemon health stats"               [_thread_blocked, id=3836, stack(0x00000022b5e00000,0x00000022b5f00000) (1024K)]
  0x000001ed45c33ef0 JavaThread "Incoming local TCP Connector on port 55202"        [_thread_in_native, id=20216, stack(0x00000022b6400000,0x00000022b6500000) (1024K)]
  0x000001ed45f17030 JavaThread "Daemon periodic checks"            [_thread_blocked, id=2704, stack(0x00000022b6500000,0x00000022b6600000) (1024K)]
  0x000001ed45dcab90 JavaThread "Daemon"                            [_thread_blocked, id=34792, stack(0x00000022b6600000,0x00000022b6700000) (1024K)]
  0x000001ed45dd0af0 JavaThread "Handler for socket connection from /127.0.0.1:55202 to /127.0.0.1:55203"        [_thread_in_native, id=14776, stack(0x00000022b6700000,0x00000022b6800000) (1024K)]
  0x000001ed475169c0 JavaThread "Cancel handler"                    [_thread_blocked, id=5272, stack(0x00000022b6800000,0x00000022b6900000) (1024K)]
  0x000001ed46477310 JavaThread "Daemon worker"                     [_thread_blocked, id=12920, stack(0x00000022b6900000,0x00000022b6a00000) (1024K)]
  0x000001ed46474520 JavaThread "Asynchronous log dispatcher for DefaultDaemonConnection: socket connection from /127.0.0.1:55202 to /127.0.0.1:55203"        [_thread_blocked, id=29556, stack(0x00000022b6a00000,0x00000022b6b00000) (1024K)]
  0x000001ed464758d0 JavaThread "Stdin handler"                     [_thread_blocked, id=25288, stack(0x00000022b6b00000,0x00000022b6c00000) (1024K)]
  0x000001ed464779a0 JavaThread "Daemon client event forwarder"        [_thread_blocked, id=6940, stack(0x00000022b6c00000,0x00000022b6d00000) (1024K)]
  0x000001ed46474bb0 JavaThread "Cache worker for journal cache (C:\Users\VICTUS\.gradle\caches\journal-1)"        [_thread_blocked, id=8940, stack(0x00000022b7200000,0x00000022b7300000) (1024K)]
  0x000001ed46475f60 JavaThread "File lock request listener"        [_thread_in_native, id=12540, stack(0x00000022b7300000,0x00000022b7400000) (1024K)]
  0x000001ed46475240 JavaThread "Cache worker for file hash cache (C:\Users\VICTUS\.gradle\caches\8.14\fileHashes)"        [_thread_blocked, id=12864, stack(0x00000022b7400000,0x00000022b7500000) (1024K)]
  0x000001ed464765f0 JavaThread "Cache worker for file hash cache (C:\Users\VICTUS\StudioProjects\eticketing_app\android\.gradle\8.14\fileHashes)"        [_thread_blocked, id=22840, stack(0x00000022b7500000,0x00000022b7600000) (1024K)]
  0x000001ed49b90cc0 JavaThread "Cache worker for Build Output Cleanup Cache (C:\Users\VICTUS\StudioProjects\eticketing_app\android\.gradle\buildOutputCleanup)"        [_thread_blocked, id=26652, stack(0x00000022b7600000,0x00000022b7700000) (1024K)]
  0x000001ed49b919e0 JavaThread "File watcher server"        daemon [_thread_in_native, id=13560, stack(0x00000022b7700000,0x00000022b7800000) (1024K)]
  0x000001ed49b8e560 JavaThread "File watcher consumer"      daemon [_thread_blocked, id=9608, stack(0x00000022b7800000,0x00000022b7900000) (1024K)]
  0x000001ed49b90630 JavaThread "Cache worker for checksums cache (C:\Users\VICTUS\StudioProjects\eticketing_app\android\.gradle\8.14\checksums)"        [_thread_blocked, id=17712, stack(0x00000022b7a00000,0x00000022b7b00000) (1024K)]
  0x000001ed49b8ebf0 JavaThread "Cache worker for file content cache (C:\Users\VICTUS\.gradle\caches\8.14\fileContent)"        [_thread_blocked, id=22236, stack(0x00000022b7b00000,0x00000022b7c00000) (1024K)]
  0x000001ed49b92700 JavaThread "Cache worker for cache directory md-supplier (C:\Users\VICTUS\.gradle\caches\8.14\md-supplier)"        [_thread_blocked, id=34676, stack(0x00000022b7c00000,0x00000022b7d00000) (1024K)]
  0x000001ed49b8f280 JavaThread "Cache worker for cache directory md-rule (C:\Users\VICTUS\.gradle\caches\8.14\md-rule)"        [_thread_blocked, id=3212, stack(0x00000022b7d00000,0x00000022b7e00000) (1024K)]
  0x000001ed49b947d0 JavaThread "Cache worker for Build Output Cleanup Cache (C:\flutter\packages\flutter_tools\gradle\.gradle\buildOutputCleanup)"        [_thread_blocked, id=28860, stack(0x00000022b7e00000,0x00000022b7f00000) (1024K)]
  0x000001ed46eca4a0 JavaThread "Unconstrained build operations"        [_thread_blocked, id=32396, stack(0x00000022b7900000,0x00000022b7a00000) (1024K)]
  0x000001ed46ecd290 JavaThread "Unconstrained build operations Thread 2"        [_thread_blocked, id=26964, stack(0x00000022b7f00000,0x00000022b8000000) (1024K)]
  0x000001ed46ecbee0 JavaThread "Unconstrained build operations Thread 3"        [_thread_blocked, id=1252, stack(0x00000022b8100000,0x00000022b8200000) (1024K)]
  0x000001ed46ec9e10 JavaThread "Unconstrained build operations Thread 4"        [_thread_blocked, id=34104, stack(0x00000022b8200000,0x00000022b8300000) (1024K)]
  0x000001ed46ecb1c0 JavaThread "Unconstrained build operations Thread 5"        [_thread_blocked, id=14204, stack(0x00000022b8300000,0x00000022b8400000) (1024K)]
  0x000001ed46ecd920 JavaThread "Unconstrained build operations Thread 6"        [_thread_blocked, id=10444, stack(0x00000022b8400000,0x00000022b8500000) (1024K)]
  0x000001ed46ecdfb0 JavaThread "Unconstrained build operations Thread 7"        [_thread_blocked, id=24464, stack(0x00000022b8500000,0x00000022b8600000) (1024K)]
  0x000001ed46ecb850 JavaThread "Unconstrained build operations Thread 8"        [_thread_blocked, id=13032, stack(0x00000022b8600000,0x00000022b8700000) (1024K)]
  0x000001ed46ecab30 JavaThread "Unconstrained build operations Thread 9"        [_thread_blocked, id=37212, stack(0x00000022b8700000,0x00000022b8800000) (1024K)]
  0x000001ed46ececd0 JavaThread "Unconstrained build operations Thread 10"        [_thread_blocked, id=5416, stack(0x00000022b8800000,0x00000022b8900000) (1024K)]
  0x000001ed46ed0080 JavaThread "Unconstrained build operations Thread 11"        [_thread_blocked, id=33908, stack(0x00000022b8900000,0x00000022b8a00000) (1024K)]
  0x000001ed46ecf360 JavaThread "Unconstrained build operations Thread 12"        [_thread_blocked, id=21260, stack(0x00000022b8a00000,0x00000022b8b00000) (1024K)]
  0x000001ed46ecf9f0 JavaThread "Unconstrained build operations Thread 13"        [_thread_blocked, id=32860, stack(0x00000022b8b00000,0x00000022b8c00000) (1024K)]
  0x000001ed46ed0710 JavaThread "Unconstrained build operations Thread 14"        [_thread_blocked, id=23352, stack(0x00000022b8c00000,0x00000022b8d00000) (1024K)]
  0x000001ed46ed0da0 JavaThread "Unconstrained build operations Thread 15"        [_thread_blocked, id=23368, stack(0x00000022b8d00000,0x00000022b8e00000) (1024K)]
  0x000001ed46ed1430 JavaThread "Unconstrained build operations Thread 16"        [_thread_blocked, id=26700, stack(0x00000022b8e00000,0x00000022b8f00000) (1024K)]
  0x000001ed46ece640 JavaThread "Unconstrained build operations Thread 17"        [_thread_blocked, id=14760, stack(0x00000022b8f00000,0x00000022b9000000) (1024K)]
  0x000001ed499c7130 JavaThread "Unconstrained build operations Thread 18"        [_thread_blocked, id=28532, stack(0x00000022b9000000,0x00000022b9100000) (1024K)]
  0x000001ed499c56f0 JavaThread "Unconstrained build operations Thread 19"        [_thread_blocked, id=36648, stack(0x00000022b9100000,0x00000022b9200000) (1024K)]
  0x000001ed499c84e0 JavaThread "Unconstrained build operations Thread 20"        [_thread_blocked, id=36728, stack(0x00000022b9200000,0x00000022b9300000) (1024K)]
  0x000001ed499c5060 JavaThread "Unconstrained build operations Thread 21"        [_thread_blocked, id=11488, stack(0x00000022b9300000,0x00000022b9400000) (1024K)]
  0x000001ed499c6aa0 JavaThread "Unconstrained build operations Thread 22"        [_thread_blocked, id=2256, stack(0x00000022b9400000,0x00000022b9500000) (1024K)]
  0x000001ed499c5d80 JavaThread "Unconstrained build operations Thread 23"        [_thread_blocked, id=17040, stack(0x00000022b9500000,0x00000022b9600000) (1024K)]
  0x000001ed499c77c0 JavaThread "Unconstrained build operations Thread 24"        [_thread_blocked, id=22636, stack(0x00000022b9600000,0x00000022b9700000) (1024K)]
  0x000001ed499c6410 JavaThread "Unconstrained build operations Thread 25"        [_thread_blocked, id=10276, stack(0x00000022b9700000,0x00000022b9800000) (1024K)]
  0x000001ed499c7e50 JavaThread "Unconstrained build operations Thread 26"        [_thread_blocked, id=22692, stack(0x00000022b9800000,0x00000022b9900000) (1024K)]
  0x000001ed46c06610 JavaThread "Unconstrained build operations Thread 27"        [_thread_blocked, id=36340, stack(0x00000022b9900000,0x00000022b9a00000) (1024K)]
  0x000001ed46c04bd0 JavaThread "Unconstrained build operations Thread 28"        [_thread_blocked, id=27036, stack(0x00000022b9a00000,0x00000022b9b00000) (1024K)]
  0x000001ed46c03eb0 JavaThread "Unconstrained build operations Thread 29"        [_thread_blocked, id=3392, stack(0x00000022b9b00000,0x00000022b9c00000) (1024K)]
  0x000001ed46c03820 JavaThread "Unconstrained build operations Thread 30"        [_thread_blocked, id=37012, stack(0x00000022b9c00000,0x00000022b9d00000) (1024K)]
  0x000001ed46c058f0 JavaThread "Unconstrained build operations Thread 31"        [_thread_blocked, id=21248, stack(0x00000022b9d00000,0x00000022b9e00000) (1024K)]
  0x000001ed46c05260 JavaThread "Unconstrained build operations Thread 32"        [_thread_blocked, id=26612, stack(0x00000022b9e00000,0x00000022b9f00000) (1024K)]
  0x000001ed46c03190 JavaThread "Unconstrained build operations Thread 33"        [_thread_blocked, id=31568, stack(0x00000022b9f00000,0x00000022ba000000) (1024K)]
  0x000001ed46c05f80 JavaThread "Unconstrained build operations Thread 34"        [_thread_blocked, id=24948, stack(0x00000022ba000000,0x00000022ba100000) (1024K)]
  0x000001ed46c06ca0 JavaThread "Unconstrained build operations Thread 35"        [_thread_blocked, id=36676, stack(0x00000022ba100000,0x00000022ba200000) (1024K)]
  0x000001ed46c07330 JavaThread "Unconstrained build operations Thread 36"        [_thread_blocked, id=26864, stack(0x00000022ba200000,0x00000022ba300000) (1024K)]
  0x000001ed46c079c0 JavaThread "Unconstrained build operations Thread 37"        [_thread_blocked, id=15184, stack(0x00000022ba300000,0x00000022ba400000) (1024K)]
  0x000001ed46c04540 JavaThread "Unconstrained build operations Thread 38"        [_thread_blocked, id=25848, stack(0x00000022ba400000,0x00000022ba500000) (1024K)]
  0x000001ed46c09400 JavaThread "Unconstrained build operations Thread 39"        [_thread_blocked, id=7984, stack(0x00000022ba500000,0x00000022ba600000) (1024K)]
  0x000001ed46c08d70 JavaThread "Unconstrained build operations Thread 40"        [_thread_blocked, id=30332, stack(0x00000022ba600000,0x00000022ba700000) (1024K)]
  0x000001ed46c09a90 JavaThread "Unconstrained build operations Thread 41"        [_thread_blocked, id=28760, stack(0x00000022ba700000,0x00000022ba800000) (1024K)]
  0x000001ed46c08050 JavaThread "Unconstrained build operations Thread 42"        [_thread_blocked, id=22344, stack(0x00000022ba800000,0x00000022ba900000) (1024K)]
  0x000001ed46c086e0 JavaThread "Unconstrained build operations Thread 43"        [_thread_blocked, id=5876, stack(0x00000022ba900000,0x00000022baa00000) (1024K)]
  0x000001ed46c0a120 JavaThread "Unconstrained build operations Thread 44"        [_thread_blocked, id=31168, stack(0x00000022baa00000,0x00000022bab00000) (1024K)]
  0x000001ed46c0a7b0 JavaThread "Unconstrained build operations Thread 45"        [_thread_blocked, id=5864, stack(0x00000022bab00000,0x00000022bac00000) (1024K)]
  0x000001ed48b4bcc0 JavaThread "Memory manager"                    [_thread_blocked, id=20200, stack(0x00000022bac00000,0x00000022bad00000) (1024K)]
  0x000001ed48b49560 JavaThread "build event listener"              [_thread_blocked, id=33672, stack(0x00000022bad00000,0x00000022bae00000) (1024K)]
  0x000001ed48b4d700 JavaThread "included builds"                   [_thread_blocked, id=24184, stack(0x00000022bae00000,0x00000022baf00000) (1024K)]
  0x000001ed48b4dd90 JavaThread "Execution worker"                  [_thread_blocked, id=21036, stack(0x00000022baf00000,0x00000022bb000000) (1024K)]
  0x000001ed46f6d1a0 JavaThread "Execution worker Thread 2"         [_thread_blocked, id=32348, stack(0x00000022bb000000,0x00000022bb100000) (1024K)]
  0x000001ed46f6bdf0 JavaThread "Execution worker Thread 3"         [_thread_blocked, id=8136, stack(0x00000022bb100000,0x00000022bb200000) (1024K)]
  0x000001ed46f6b760 JavaThread "Execution worker Thread 4"         [_thread_blocked, id=7024, stack(0x00000022bb200000,0x00000022bb300000) (1024K)]
  0x000001ed46f6c480 JavaThread "Execution worker Thread 5"         [_thread_blocked, id=29700, stack(0x00000022bb300000,0x00000022bb400000) (1024K)]
  0x000001ed46f6cb10 JavaThread "Execution worker Thread 6"         [_thread_blocked, id=37104, stack(0x00000022bb400000,0x00000022bb500000) (1024K)]
  0x000001ed46f69d20 JavaThread "Execution worker Thread 7"         [_thread_blocked, id=35892, stack(0x00000022bb500000,0x00000022bb600000) (1024K)]
  0x000001ed46f6d830 JavaThread "Execution worker Thread 8"         [_thread_blocked, id=37856, stack(0x00000022bb600000,0x00000022bb700000) (1024K)]
  0x000001ed46f6a3b0 JavaThread "Execution worker Thread 9"         [_thread_blocked, id=10312, stack(0x00000022bb700000,0x00000022bb800000) (1024K)]
  0x000001ed46f6aa40 JavaThread "Execution worker Thread 10"        [_thread_blocked, id=13908, stack(0x00000022bb800000,0x00000022bb900000) (1024K)]
  0x000001ed46f6e550 JavaThread "Execution worker Thread 11"        [_thread_blocked, id=17120, stack(0x00000022bb900000,0x00000022bba00000) (1024K)]
  0x000001ed46f6b0d0 JavaThread "Execution worker Thread 12"        [_thread_blocked, id=34048, stack(0x00000022bba00000,0x00000022bbb00000) (1024K)]
  0x000001ed46f6ebe0 JavaThread "Execution worker Thread 13"        [_thread_blocked, id=32832, stack(0x00000022bbb00000,0x00000022bbc00000) (1024K)]
  0x000001ed46f6f270 JavaThread "Execution worker Thread 14"        [_thread_blocked, id=30016, stack(0x00000022bbc00000,0x00000022bbd00000) (1024K)]
  0x000001ed46f70620 JavaThread "Execution worker Thread 15"        [_thread_blocked, id=5052, stack(0x00000022bbd00000,0x00000022bbe00000) (1024K)]
  0x000001ed46f6f900 JavaThread "Cache worker for execution history cache (C:\flutter\packages\flutter_tools\gradle\.gradle\8.14\executionHistory)"        [_thread_blocked, id=4704, stack(0x00000022bbe00000,0x00000022bbf00000) (1024K)]
  0x000001ed46f70cb0 JavaThread "Unconstrained build operations Thread 46"        [_thread_blocked, id=23276, stack(0x00000022bbf00000,0x00000022bc000000) (1024K)]
  0x000001ed46f71340 JavaThread "Unconstrained build operations Thread 47"        [_thread_blocked, id=28204, stack(0x00000022bc000000,0x00000022bc100000) (1024K)]
  0x000001ed46f6dec0 JavaThread "Unconstrained build operations Thread 48"        [_thread_blocked, id=25944, stack(0x00000022bc100000,0x00000022bc200000) (1024K)]
  0x000001ed497c1440 JavaThread "Unconstrained build operations Thread 49"        [_thread_blocked, id=33372, stack(0x00000022bc200000,0x00000022bc300000) (1024K)]
  0x000001ed497c27f0 JavaThread "Unconstrained build operations Thread 50"        [_thread_blocked, id=1856, stack(0x00000022bc300000,0x00000022bc400000) (1024K)]
  0x000001ed497c2e80 JavaThread "Unconstrained build operations Thread 51"        [_thread_blocked, id=24448, stack(0x00000022bc400000,0x00000022bc500000) (1024K)]
  0x000001ed497c1ad0 JavaThread "Unconstrained build operations Thread 52"        [_thread_blocked, id=6964, stack(0x00000022bc500000,0x00000022bc600000) (1024K)]
  0x000001ed497c2160 JavaThread "Unconstrained build operations Thread 53"        [_thread_blocked, id=35396, stack(0x00000022bc600000,0x00000022bc700000) (1024K)]
  0x000001ed497c3510 JavaThread "Unconstrained build operations Thread 54"        [_thread_blocked, id=31656, stack(0x00000022bc700000,0x00000022bc800000) (1024K)]
  0x000001ed497c0090 JavaThread "Unconstrained build operations Thread 55"        [_thread_blocked, id=27368, stack(0x00000022bc800000,0x00000022bc900000) (1024K)]
  0x000001ed497c0db0 JavaThread "Unconstrained build operations Thread 56"        [_thread_blocked, id=32816, stack(0x00000022bc900000,0x00000022bca00000) (1024K)]
  0x000001ed497c3ba0 JavaThread "Unconstrained build operations Thread 57"        [_thread_blocked, id=26684, stack(0x00000022bca00000,0x00000022bcb00000) (1024K)]
  0x000001ed497c0720 JavaThread "Unconstrained build operations Thread 58"        [_thread_blocked, id=11076, stack(0x00000022bcb00000,0x00000022bcc00000) (1024K)]
  0x000001ed497c7020 JavaThread "Unconstrained build operations Thread 59"        [_thread_blocked, id=32480, stack(0x00000022bcc00000,0x00000022bcd00000) (1024K)]
  0x000001ed497c6300 JavaThread "Unconstrained build operations Thread 60"        [_thread_blocked, id=27228, stack(0x00000022bcd00000,0x00000022bce00000) (1024K)]
  0x000001ed497c5c70 JavaThread "Unconstrained build operations Thread 61"        [_thread_blocked, id=31520, stack(0x00000022bce00000,0x00000022bcf00000) (1024K)]
  0x000001ed497c76b0 JavaThread "Unconstrained build operations Thread 62"        [_thread_blocked, id=19148, stack(0x00000022bcf00000,0x00000022bd000000) (1024K)]
  0x000001ed497c6990 JavaThread "Unconstrained build operations Thread 63"        [_thread_blocked, id=27196, stack(0x00000022bd000000,0x00000022bd100000) (1024K)]
  0x000001ed497c4f50 JavaThread "Unconstrained build operations Thread 64"        [_thread_blocked, id=31720, stack(0x00000022bd100000,0x00000022bd200000) (1024K)]
  0x000001ed497c4230 JavaThread "Unconstrained build operations Thread 65"        [_thread_blocked, id=23240, stack(0x00000022bd200000,0x00000022bd300000) (1024K)]
  0x000001ed497c48c0 JavaThread "Unconstrained build operations Thread 66"        [_thread_blocked, id=36928, stack(0x00000022bd300000,0x00000022bd400000) (1024K)]
  0x000001ed497c55e0 JavaThread "Unconstrained build operations Thread 67"        [_thread_blocked, id=32032, stack(0x00000022bd400000,0x00000022bd500000) (1024K)]
  0x000001ed49c195d0 JavaThread "Unconstrained build operations Thread 68"        [_thread_blocked, id=13556, stack(0x00000022bd500000,0x00000022bd600000) (1024K)]
  0x000001ed49c167e0 JavaThread "Unconstrained build operations Thread 69"        [_thread_blocked, id=7952, stack(0x00000022bd600000,0x00000022bd700000) (1024K)]
  0x000001ed49c17500 JavaThread "Unconstrained build operations Thread 70"        [_thread_blocked, id=35120, stack(0x00000022bd700000,0x00000022bd800000) (1024K)]
  0x000001ed49c188b0 JavaThread "Unconstrained build operations Thread 71"        [_thread_blocked, id=34140, stack(0x00000022bd800000,0x00000022bd900000) (1024K)]
  0x000001ed49c17b90 JavaThread "Unconstrained build operations Thread 72"        [_thread_blocked, id=28308, stack(0x00000022bd900000,0x00000022bda00000) (1024K)]
  0x000001ed49c16150 JavaThread "Unconstrained build operations Thread 73"        [_thread_blocked, id=4116, stack(0x00000022bda00000,0x00000022bdb00000) (1024K)]
  0x000001ed49c18f40 JavaThread "Unconstrained build operations Thread 74"        [_thread_blocked, id=14924, stack(0x00000022bdb00000,0x00000022bdc00000) (1024K)]
  0x000001ed49c19c60 JavaThread "Unconstrained build operations Thread 75"        [_thread_blocked, id=33012, stack(0x00000022bdc00000,0x00000022bdd00000) (1024K)]
  0x000001ed49c1a2f0 JavaThread "Unconstrained build operations Thread 76"        [_thread_blocked, id=30516, stack(0x00000022bdd00000,0x00000022bde00000) (1024K)]
  0x000001ed49c16e70 JavaThread "Unconstrained build operations Thread 77"        [_thread_blocked, id=34968, stack(0x00000022bde00000,0x00000022bdf00000) (1024K)]
  0x000001ed49c1a980 JavaThread "Unconstrained build operations Thread 78"        [_thread_blocked, id=10576, stack(0x00000022bdf00000,0x00000022be000000) (1024K)]
  0x000001ed49c1b010 JavaThread "Unconstrained build operations Thread 79"        [_thread_blocked, id=28528, stack(0x00000022be000000,0x00000022be100000) (1024K)]
  0x000001ed49c1b6a0 JavaThread "Unconstrained build operations Thread 80"        [_thread_blocked, id=36164, stack(0x00000022be100000,0x00000022be200000) (1024K)]
  0x000001ed49c18220 JavaThread "Unconstrained build operations Thread 81"        [_thread_blocked, id=13592, stack(0x00000022be200000,0x00000022be300000) (1024K)]
  0x000001ed49c1bd30 JavaThread "Unconstrained build operations Thread 82"        [_thread_blocked, id=1676, stack(0x00000022be300000,0x00000022be400000) (1024K)]
  0x000001ed49c1c3c0 JavaThread "Unconstrained build operations Thread 83"        [_thread_blocked, id=34004, stack(0x00000022be400000,0x00000022be500000) (1024K)]
  0x000001ed49c1ca50 JavaThread "Unconstrained build operations Thread 84"        [_thread_blocked, id=28536, stack(0x00000022be500000,0x00000022be600000) (1024K)]
  0x000001ed49c1d0e0 JavaThread "Unconstrained build operations Thread 85"        [_thread_blocked, id=31472, stack(0x00000022be600000,0x00000022be700000) (1024K)]
  0x000001ed49c1d770 JavaThread "Unconstrained build operations Thread 86"        [_thread_blocked, id=33532, stack(0x00000022be700000,0x00000022be800000) (1024K)]
  0x000001ed46d46ab0 JavaThread "Unconstrained build operations Thread 87"        [_thread_blocked, id=35240, stack(0x00000022be800000,0x00000022be900000) (1024K)]
  0x000001ed46d49210 JavaThread "Unconstrained build operations Thread 88"        [_thread_blocked, id=11192, stack(0x00000022be900000,0x00000022bea00000) (1024K)]
  0x000001ed46d498a0 JavaThread "Unconstrained build operations Thread 89"        [_thread_blocked, id=6360, stack(0x00000022bea00000,0x00000022beb00000) (1024K)]
  0x000001ed46d47140 JavaThread "Unconstrained build operations Thread 90"        [_thread_blocked, id=24428, stack(0x00000022beb00000,0x00000022bec00000) (1024K)]
  0x000001ed46d4a5c0 JavaThread "Unconstrained build operations Thread 91"        [_thread_blocked, id=15196, stack(0x00000022bec00000,0x00000022bed00000) (1024K)]
  0x000001ed46d49f30 JavaThread "Unconstrained build operations Thread 92"        [_thread_blocked, id=6704, stack(0x00000022bed00000,0x00000022bee00000) (1024K)]
  0x000001ed46d477d0 JavaThread "Unconstrained build operations Thread 93"        [_thread_blocked, id=21168, stack(0x00000022bee00000,0x00000022bef00000) (1024K)]
  0x000001ed46d47e60 JavaThread "Unconstrained build operations Thread 94"        [_thread_blocked, id=36448, stack(0x00000022bef00000,0x00000022bf000000) (1024K)]
  0x000001ed46d48b80 JavaThread "Unconstrained build operations Thread 95"        [_thread_blocked, id=33276, stack(0x00000022bf000000,0x00000022bf100000) (1024K)]
  0x000001ed46d4b2e0 JavaThread "Unconstrained build operations Thread 96"        [_thread_blocked, id=21032, stack(0x00000022bf100000,0x00000022bf200000) (1024K)]
  0x000001ed46d4b970 JavaThread "Unconstrained build operations Thread 97"        [_thread_blocked, id=12800, stack(0x00000022bf200000,0x00000022bf300000) (1024K)]
  0x000001ed46d484f0 JavaThread "Unconstrained build operations Thread 98"        [_thread_blocked, id=34224, stack(0x00000022bf300000,0x00000022bf400000) (1024K)]
  0x000001ed46d4c000 JavaThread "Unconstrained build operations Thread 99"        [_thread_blocked, id=36564, stack(0x00000022bf400000,0x00000022bf500000) (1024K)]
  0x000001ed46d4da40 JavaThread "Unconstrained build operations Thread 100"        [_thread_blocked, id=15128, stack(0x00000022bf500000,0x00000022bf600000) (1024K)]
  0x000001ed46d4c690 JavaThread "Unconstrained build operations Thread 101"        [_thread_blocked, id=32980, stack(0x00000022bf600000,0x00000022bf700000) (1024K)]
  0x000001ed46d4cd20 JavaThread "Unconstrained build operations Thread 102"        [_thread_blocked, id=28228, stack(0x00000022bf700000,0x00000022bf800000) (1024K)]
  0x000001ed46d4d3b0 JavaThread "Unconstrained build operations Thread 103"        [_thread_blocked, id=15068, stack(0x00000022bf800000,0x00000022bf900000) (1024K)]
  0x000001ed46d4e0d0 JavaThread "Unconstrained build operations Thread 104"        [_thread_blocked, id=25220, stack(0x00000022bf900000,0x00000022bfa00000) (1024K)]
  0x000001ed47031f10 JavaThread "Unconstrained build operations Thread 105"        [_thread_blocked, id=24420, stack(0x00000022bfa00000,0x00000022bfb00000) (1024K)]
  0x000001ed47033950 JavaThread "Unconstrained build operations Thread 106"        [_thread_blocked, id=32876, stack(0x00000022bfb00000,0x00000022bfc00000) (1024K)]
  0x000001ed47033fe0 JavaThread "Unconstrained build operations Thread 107"        [_thread_blocked, id=28580, stack(0x00000022bfc00000,0x00000022bfd00000) (1024K)]
  0x000001ed47030b60 JavaThread "Unconstrained build operations Thread 108"        [_thread_blocked, id=2288, stack(0x00000022bfd00000,0x00000022bfe00000) (1024K)]
  0x000001ed470325a0 JavaThread "Unconstrained build operations Thread 109"        [_thread_blocked, id=22616, stack(0x00000022bfe00000,0x00000022bff00000) (1024K)]
  0x000001ed470311f0 JavaThread "Unconstrained build operations Thread 110"        [_thread_blocked, id=32144, stack(0x00000022bff00000,0x00000022c0000000) (1024K)]
  0x000001ed47034670 JavaThread "Unconstrained build operations Thread 111"        [_thread_blocked, id=15056, stack(0x00000022c0000000,0x00000022c0100000) (1024K)]
  0x000001ed47034d00 JavaThread "Unconstrained build operations Thread 112"        [_thread_blocked, id=31588, stack(0x00000022c0100000,0x00000022c0200000) (1024K)]
  0x000001ed47031880 JavaThread "Unconstrained build operations Thread 113"        [_thread_blocked, id=36740, stack(0x00000022c0200000,0x00000022c0300000) (1024K)]
  0x000001ed470360b0 JavaThread "Unconstrained build operations Thread 114"        [_thread_blocked, id=31504, stack(0x00000022c0300000,0x00000022c0400000) (1024K)]
  0x000001ed47035390 JavaThread "Unconstrained build operations Thread 115"        [_thread_blocked, id=25192, stack(0x00000022c0400000,0x00000022c0500000) (1024K)]
  0x000001ed47035a20 JavaThread "Unconstrained build operations Thread 116"        [_thread_blocked, id=34884, stack(0x00000022c0500000,0x00000022c0600000) (1024K)]
  0x000001ed470332c0 JavaThread "Unconstrained build operations Thread 117"        [_thread_blocked, id=6512, stack(0x00000022c0600000,0x00000022c0700000) (1024K)]
  0x000001ed47039530 JavaThread "Unconstrained build operations Thread 118"        [_thread_blocked, id=36040, stack(0x00000022c0700000,0x00000022c0800000) (1024K)]
  0x000001ed47039bc0 JavaThread "Unconstrained build operations Thread 119"        [_thread_blocked, id=10328, stack(0x00000022c0800000,0x00000022c0900000) (1024K)]
  0x000001ed47038180 JavaThread "Unconstrained build operations Thread 120"        [_thread_blocked, id=33632, stack(0x00000022c0900000,0x00000022c0a00000) (1024K)]
  0x000001ed47038810 JavaThread "Unconstrained build operations Thread 121"        [_thread_blocked, id=24484, stack(0x00000022c0a00000,0x00000022c0b00000) (1024K)]
  0x000001ed47038ea0 JavaThread "Unconstrained build operations Thread 122"        [_thread_blocked, id=9592, stack(0x00000022c0b00000,0x00000022c0c00000) (1024K)]
  0x000001ed47037af0 JavaThread "Unconstrained build operations Thread 123"        [_thread_blocked, id=32432, stack(0x00000022c0c00000,0x00000022c0d00000) (1024K)]
  0x000001ed47036740 JavaThread "Unconstrained build operations Thread 124"        [_thread_blocked, id=29308, stack(0x00000022c0d00000,0x00000022c0e00000) (1024K)]
  0x000001ed4703a250 JavaThread "Unconstrained build operations Thread 125"        [_thread_blocked, id=28936, stack(0x00000022c0e00000,0x00000022c0f00000) (1024K)]
  0x000001ed47036dd0 JavaThread "Unconstrained build operations Thread 126"        [_thread_blocked, id=9308, stack(0x00000022c0f00000,0x00000022c1000000) (1024K)]
  0x000001ed4703dd60 JavaThread "Unconstrained build operations Thread 127"        [_thread_blocked, id=36704, stack(0x00000022c1000000,0x00000022c1100000) (1024K)]
  0x000001ed4703bc90 JavaThread "Unconstrained build operations Thread 128"        [_thread_blocked, id=15228, stack(0x00000022c1100000,0x00000022c1200000) (1024K)]
  0x000001ed4703c320 JavaThread "Unconstrained build operations Thread 129"        [_thread_blocked, id=25476, stack(0x00000022c1200000,0x00000022c1300000) (1024K)]
  0x000001ed4703d6d0 JavaThread "Unconstrained build operations Thread 130"        [_thread_blocked, id=12796, stack(0x00000022c1300000,0x00000022c1400000) (1024K)]
  0x000001ed4703d040 JavaThread "Unconstrained build operations Thread 131"        [_thread_blocked, id=27428, stack(0x00000022c1400000,0x00000022c1500000) (1024K)]
  0x000001ed4703c9b0 JavaThread "Unconstrained build operations Thread 132"        [_thread_blocked, id=7432, stack(0x00000022c1500000,0x00000022c1600000) (1024K)]
  0x000001ed4703a8e0 JavaThread "Unconstrained build operations Thread 133"        [_thread_blocked, id=30212, stack(0x00000022c1600000,0x00000022c1700000) (1024K)]
  0x000001ed4703e3f0 JavaThread "Unconstrained build operations Thread 134"        [_thread_blocked, id=13044, stack(0x00000022c1700000,0x00000022c1800000) (1024K)]
  0x000001ed4703af70 JavaThread "Unconstrained build operations Thread 135"        [_thread_blocked, id=29256, stack(0x00000022c1800000,0x00000022c1900000) (1024K)]
  0x000001ed4703ea80 JavaThread "Unconstrained build operations Thread 136"        [_thread_blocked, id=32720, stack(0x00000022c1900000,0x00000022c1a00000) (1024K)]
  0x000001ed4703b600 JavaThread "Unconstrained build operations Thread 137"        [_thread_blocked, id=9984, stack(0x00000022c1a00000,0x00000022c1b00000) (1024K)]
  0x000001ed4779f380 JavaThread "build event listener"              [_thread_blocked, id=36020, stack(0x00000022b5b00000,0x00000022b5c00000) (1024K)]
  0x000001ed52262590 JavaThread "C2 CompilerThread1"         daemon [_thread_blocked, id=12928, stack(0x00000022b5a00000,0x00000022b5b00000) (1024K)]
Total: 193

Other Threads:
=>0x000001ed40355460 VMThread "VM Thread"                           [id=36860, stack(0x00000022b4a00000,0x00000022b4b00000) (1024K)]
  0x000001ed3f4eace0 WatcherThread "VM Periodic Task Thread"        [id=30356, stack(0x00000022b4900000,0x00000022b4a00000) (1024K)]
  0x000001ed0f6a9590 WorkerThread "GC Thread#0"                     [id=32392, stack(0x00000022b4400000,0x00000022b4500000) (1024K)]
  0x000001ed40a1e950 WorkerThread "GC Thread#1"                     [id=37324, stack(0x00000022b5500000,0x00000022b5600000) (1024K)]
  0x000001ed408d8410 WorkerThread "GC Thread#2"                     [id=18768, stack(0x00000022b5600000,0x00000022b5700000) (1024K)]
  0x000001ed455160a0 WorkerThread "GC Thread#3"                     [id=25592, stack(0x00000022b5800000,0x00000022b5900000) (1024K)]
  0x000001ed454551d0 WorkerThread "GC Thread#4"                     [id=11072, stack(0x00000022b5900000,0x00000022b5a00000) (1024K)]
  0x000001ed45e88150 WorkerThread "GC Thread#5"                     [id=34600, stack(0x00000022b5f00000,0x00000022b6000000) (1024K)]
  0x000001ed462c6440 WorkerThread "GC Thread#6"                     [id=20184, stack(0x00000022b6000000,0x00000022b6100000) (1024K)]
  0x000001ed45bba880 WorkerThread "GC Thread#7"                     [id=30776, stack(0x00000022b6100000,0x00000022b6200000) (1024K)]
  0x000001ed45bbbaa0 WorkerThread "GC Thread#8"                     [id=15036, stack(0x00000022b6200000,0x00000022b6300000) (1024K)]
  0x000001ed45bba140 WorkerThread "GC Thread#9"                     [id=19260, stack(0x00000022b6300000,0x00000022b6400000) (1024K)]
  0x000001ed45bba4e0 WorkerThread "GC Thread#10"                    [id=1104, stack(0x00000022b6d00000,0x00000022b6e00000) (1024K)]
  0x000001ed45bbac20 WorkerThread "GC Thread#11"                    [id=36504, stack(0x00000022b6e00000,0x00000022b6f00000) (1024K)]
  0x000001ed45bbafc0 WorkerThread "GC Thread#12"                    [id=28992, stack(0x00000022b6f00000,0x00000022b7000000) (1024K)]
  0x000001ed0f6ba480 ConcurrentGCThread "G1 Main Marker"            [id=29892, stack(0x00000022b4500000,0x00000022b4600000) (1024K)]
  0x000001ed0f6bbcd0 WorkerThread "G1 Conc#0"                       [id=28216, stack(0x00000022b4600000,0x00000022b4700000) (1024K)]
  0x000001ed45bbb700 WorkerThread "G1 Conc#1"                       [id=772, stack(0x00000022b7000000,0x00000022b7100000) (1024K)]
  0x000001ed45bbb360 WorkerThread "G1 Conc#2"                       [id=28568, stack(0x00000022b7100000,0x00000022b7200000) (1024K)]
  0x000001ed3f3b86b0 ConcurrentGCThread "G1 Refine#0"               [id=33396, stack(0x00000022b4700000,0x00000022b4800000) (1024K)]
  0x000001ed3f3b8fd0 ConcurrentGCThread "G1 Service"                [id=10952, stack(0x00000022b4800000,0x00000022b4900000) (1024K)]
Total: 21

Threads with active compile tasks:
C2 CompilerThread0  25780 16916       4       org.jetbrains.kotlin.name.FqNameUnsafe::compute (76 bytes)
C1 CompilerThread0  25780 16931       3       java.lang.Character::isJavaIdentifierPart (5 bytes)
C2 CompilerThread1  25780 16922       4       org.jetbrains.org.objectweb.asm.ClassReader::accept (1380 bytes)
Total: 3

VM state: at safepoint (normal execution)

VM Mutex/Monitor currently owned by a thread:  ([mutex/lock_event])
[0x00007fff451e8690] Threads_lock - owner thread: 0x000001ed40355460
[0x00007fff451e8790] Heap_lock - owner thread: 0x000001ed46477310

Heap address: 0x0000000600000000, size: 8192 MB, Compressed Oops mode: Zero based, Oop shift amount: 3

CDS archive(s) not mapped
Compressed class space mapped at: 0x0000000800000000-0x0000000840000000, reserved size: 1073741824
Narrow klass base: 0x0000000800000000, Narrow klass shift: 0, Narrow klass range: 0x40000000

GC Precious Log:
 CardTable entry size: 512
 Card Set container configuration: InlinePtr #cards 4 size 8 Array Of Cards #cards 32 size 80 Howl #buckets 8 coarsen threshold 7372 Howl Bitmap #cards 1024 size 144 coarsen threshold 921 Card regions per heap region 1 cards per card region 8192
 CPUs: 16 total, 16 available
 Memory: 7859M
 Large Page Support: Disabled
 NUMA Support: Disabled
 Compressed Oops: Enabled (Zero based)
 Heap Region Size: 4M
 Heap Min Capacity: 8M
 Heap Initial Capacity: 124M
 Heap Max Capacity: 8G
 Pre-touch: Disabled
 Parallel Workers: 13
 Concurrent Workers: 3
 Concurrent Refinement Workers: 13
 Periodic GC: Disabled

Heap:
 garbage-first heap   total 262144K, used 169072K [0x0000000600000000, 0x0000000800000000)
  region size 4096K, 3 young (12288K), 3 survivors (12288K)
 Metaspace       used 153472K, committed 155904K, reserved 1245184K
  class space    used 21198K, committed 22400K, reserved 1048576K

Heap Regions: E=young(eden), S=young(survivor), O=old, HS=humongous(starts), HC=humongous(continues), CS=collection set, F=free, TAMS=top-at-mark-start, PB=parsable bottom
|   0|0x0000000600000000, 0x0000000600400000, 0x0000000600400000|100%|HS|  |TAMS 0x0000000600400000| PB 0x0000000600000000| Complete 
|   1|0x0000000600400000, 0x0000000600800000, 0x0000000600800000|100%| O|  |TAMS 0x0000000600800000| PB 0x0000000600400000| Untracked 
|   2|0x0000000600800000, 0x0000000600c00000, 0x0000000600c00000|100%| O|  |TAMS 0x0000000600c00000| PB 0x0000000600800000| Untracked 
|   3|0x0000000600c00000, 0x0000000601000000, 0x0000000601000000|100%| O|  |TAMS 0x0000000601000000| PB 0x0000000600c00000| Untracked 
|   4|0x0000000601000000, 0x0000000601400000, 0x0000000601400000|100%| O|  |TAMS 0x0000000601400000| PB 0x0000000601000000| Untracked 
|   5|0x0000000601400000, 0x00000006017d97f0, 0x0000000601800000| 96%| O|  |TAMS 0x00000006017d97f0| PB 0x0000000601400000| Untracked 
|   6|0x0000000601800000, 0x0000000601c00000, 0x0000000601c00000|100%|HS|  |TAMS 0x0000000601c00000| PB 0x0000000601800000| Complete 
|   7|0x0000000601c00000, 0x0000000602000000, 0x0000000602000000|100%| O|  |TAMS 0x0000000602000000| PB 0x0000000601c00000| Untracked 
|   8|0x0000000602000000, 0x0000000602400000, 0x0000000602400000|100%| O|  |TAMS 0x0000000602400000| PB 0x0000000602000000| Untracked 
|   9|0x0000000602400000, 0x0000000602800000, 0x0000000602800000|100%| O|  |TAMS 0x0000000602800000| PB 0x0000000602400000| Untracked 
|  10|0x0000000602800000, 0x0000000602c00000, 0x0000000602c00000|100%| O|  |TAMS 0x0000000602c00000| PB 0x0000000602800000| Untracked 
|  11|0x0000000602c00000, 0x0000000603000000, 0x0000000603000000|100%| O|  |TAMS 0x0000000603000000| PB 0x0000000602c00000| Untracked 
|  12|0x0000000603000000, 0x0000000603400000, 0x0000000603400000|100%| O|  |TAMS 0x0000000603400000| PB 0x0000000603000000| Untracked 
|  13|0x0000000603400000, 0x0000000603800000, 0x0000000603800000|100%| O|  |TAMS 0x0000000603800000| PB 0x0000000603400000| Untracked 
|  14|0x0000000603800000, 0x0000000603c00000, 0x0000000603c00000|100%|HS|  |TAMS 0x0000000603c00000| PB 0x0000000603800000| Complete 
|  15|0x0000000603c00000, 0x0000000604000000, 0x0000000604000000|100%| O|  |TAMS 0x0000000604000000| PB 0x0000000603c00000| Untracked 
|  16|0x0000000604000000, 0x0000000604400000, 0x0000000604400000|100%| O|  |TAMS 0x0000000604400000| PB 0x0000000604000000| Untracked 
|  17|0x0000000604400000, 0x0000000604800000, 0x0000000604800000|100%| O|  |TAMS 0x0000000604800000| PB 0x0000000604400000| Untracked 
|  18|0x0000000604800000, 0x0000000604c00000, 0x0000000604c00000|100%| O|  |TAMS 0x0000000604c00000| PB 0x0000000604800000| Untracked 
|  19|0x0000000604c00000, 0x0000000605000000, 0x0000000605000000|100%| O|  |TAMS 0x0000000605000000| PB 0x0000000604c00000| Untracked 
|  20|0x0000000605000000, 0x0000000605400000, 0x0000000605400000|100%| O|  |TAMS 0x0000000605400000| PB 0x0000000605000000| Untracked 
|  21|0x0000000605400000, 0x0000000605800000, 0x0000000605800000|100%| O|  |TAMS 0x0000000605800000| PB 0x0000000605400000| Untracked 
|  22|0x0000000605800000, 0x0000000605c00000, 0x0000000605c00000|100%| O|  |TAMS 0x0000000605c00000| PB 0x0000000605800000| Untracked 
|  23|0x0000000605c00000, 0x0000000606000000, 0x0000000606000000|100%| O|  |TAMS 0x0000000606000000| PB 0x0000000605c00000| Untracked 
|  24|0x0000000606000000, 0x0000000606400000, 0x0000000606400000|100%| O|  |TAMS 0x0000000606400000| PB 0x0000000606000000| Untracked 
|  25|0x0000000606400000, 0x0000000606800000, 0x0000000606800000|100%|HS|  |TAMS 0x0000000606800000| PB 0x0000000606400000| Complete 
|  26|0x0000000606800000, 0x0000000606c00000, 0x0000000606c00000|100%|HC|  |TAMS 0x0000000606c00000| PB 0x0000000606800000| Complete 
|  27|0x0000000606c00000, 0x0000000607000000, 0x0000000607000000|100%| O|  |TAMS 0x0000000607000000| PB 0x0000000606c00000| Untracked 
|  28|0x0000000607000000, 0x0000000607400000, 0x0000000607400000|100%| O|  |TAMS 0x0000000607147d80| PB 0x0000000607000000| Untracked 
|  29|0x0000000607400000, 0x0000000607800000, 0x0000000607800000|100%| O|  |TAMS 0x0000000607800000| PB 0x0000000607400000| Untracked 
|  30|0x0000000607800000, 0x0000000607c00000, 0x0000000607c00000|100%| O|  |TAMS 0x0000000607c00000| PB 0x0000000607800000| Untracked 
|  31|0x0000000607c00000, 0x0000000608000000, 0x0000000608000000|100%| O|  |TAMS 0x0000000608000000| PB 0x0000000607c00000| Untracked 
|  32|0x0000000608000000, 0x0000000608142b28, 0x0000000608400000| 31%| O|  |TAMS 0x0000000608000000| PB 0x0000000608000000| Untracked 
|  33|0x0000000608400000, 0x0000000608400000, 0x0000000608800000|  0%| F|  |TAMS 0x0000000608400000| PB 0x0000000608400000| Untracked 
|  34|0x0000000608800000, 0x0000000608800000, 0x0000000608c00000|  0%| F|  |TAMS 0x0000000608800000| PB 0x0000000608800000| Untracked 
|  35|0x0000000608c00000, 0x0000000608c00000, 0x0000000609000000|  0%| F|  |TAMS 0x0000000608c00000| PB 0x0000000608c00000| Untracked 
|  36|0x0000000609000000, 0x0000000609000000, 0x0000000609400000|  0%| F|  |TAMS 0x0000000609000000| PB 0x0000000609000000| Untracked 
|  37|0x0000000609400000, 0x0000000609800000, 0x0000000609800000|100%| S|CS|TAMS 0x0000000609400000| PB 0x0000000609400000| Complete 
|  38|0x0000000609800000, 0x0000000609c00000, 0x0000000609c00000|100%| S|CS|TAMS 0x0000000609800000| PB 0x0000000609800000| Complete 
|  39|0x0000000609c00000, 0x000000060a000000, 0x000000060a000000|100%| S|CS|TAMS 0x0000000609c00000| PB 0x0000000609c00000| Complete 
|  40|0x000000060a000000, 0x000000060a000000, 0x000000060a400000|  0%| F|  |TAMS 0x000000060a000000| PB 0x000000060a000000| Untracked 
|  41|0x000000060a400000, 0x000000060a400000, 0x000000060a800000|  0%| F|  |TAMS 0x000000060a400000| PB 0x000000060a400000| Untracked 
|  42|0x000000060a800000, 0x000000060a800000, 0x000000060ac00000|  0%| F|  |TAMS 0x000000060a800000| PB 0x000000060a800000| Untracked 
|  43|0x000000060ac00000, 0x000000060ac00000, 0x000000060b000000|  0%| F|  |TAMS 0x000000060ac00000| PB 0x000000060ac00000| Untracked 
|  44|0x000000060b000000, 0x000000060b000000, 0x000000060b400000|  0%| F|  |TAMS 0x000000060b000000| PB 0x000000060b000000| Untracked 
|  45|0x000000060b400000, 0x000000060b400000, 0x000000060b800000|  0%| F|  |TAMS 0x000000060b400000| PB 0x000000060b400000| Untracked 
|  46|0x000000060b800000, 0x000000060b800000, 0x000000060bc00000|  0%| F|  |TAMS 0x000000060b800000| PB 0x000000060b800000| Untracked 
|  47|0x000000060bc00000, 0x000000060bc00000, 0x000000060c000000|  0%| F|  |TAMS 0x000000060bc00000| PB 0x000000060bc00000| Untracked 
|  48|0x000000060c000000, 0x000000060c000000, 0x000000060c400000|  0%| F|  |TAMS 0x000000060c000000| PB 0x000000060c000000| Untracked 
|  49|0x000000060c400000, 0x000000060c400000, 0x000000060c800000|  0%| F|  |TAMS 0x000000060c400000| PB 0x000000060c400000| Untracked 
|  50|0x000000060c800000, 0x000000060c800000, 0x000000060cc00000|  0%| F|  |TAMS 0x000000060c800000| PB 0x000000060c800000| Untracked 
|  51|0x000000060cc00000, 0x000000060cc00000, 0x000000060d000000|  0%| F|  |TAMS 0x000000060cc00000| PB 0x000000060cc00000| Untracked 
|  52|0x000000060d000000, 0x000000060d000000, 0x000000060d400000|  0%| F|  |TAMS 0x000000060d000000| PB 0x000000060d000000| Untracked 
|  53|0x000000060d400000, 0x000000060d400000, 0x000000060d800000|  0%| F|  |TAMS 0x000000060d400000| PB 0x000000060d400000| Untracked 
|  54|0x000000060d800000, 0x000000060d800000, 0x000000060dc00000|  0%| F|  |TAMS 0x000000060d800000| PB 0x000000060d800000| Untracked 
|  55|0x000000060dc00000, 0x000000060dc00000, 0x000000060e000000|  0%| F|  |TAMS 0x000000060dc00000| PB 0x000000060dc00000| Untracked 
|2040|0x00000007fe000000, 0x00000007fe400000, 0x00000007fe400000|100%| O|  |TAMS 0x00000007fe400000| PB 0x00000007fe000000| Untracked 
|2041|0x00000007fe400000, 0x00000007fe800000, 0x00000007fe800000|100%| O|  |TAMS 0x00000007fe800000| PB 0x00000007fe400000| Untracked 
|2042|0x00000007fe800000, 0x00000007fe800000, 0x00000007fec00000|  0%| F|  |TAMS 0x00000007fe800000| PB 0x00000007fe800000| Untracked 
|2043|0x00000007fec00000, 0x00000007ff000000, 0x00000007ff000000|100%| O|  |TAMS 0x00000007ff000000| PB 0x00000007fec00000| Untracked 
|2044|0x00000007ff000000, 0x00000007ff400000, 0x00000007ff400000|100%| O|  |TAMS 0x00000007ff400000| PB 0x00000007ff000000| Untracked 
|2045|0x00000007ff400000, 0x00000007ff400000, 0x00000007ff800000|  0%| F|  |TAMS 0x00000007ff400000| PB 0x00000007ff400000| Untracked 
|2046|0x00000007ff800000, 0x00000007ffc00000, 0x00000007ffc00000|100%| O|  |TAMS 0x00000007ffc00000| PB 0x00000007ff800000| Untracked 
|2047|0x00000007ffc00000, 0x0000000800000000, 0x0000000800000000|100%| O|  |TAMS 0x0000000800000000| PB 0x00000007ffc00000| Untracked 

Card table byte_map: [0x000001ed34210000,0x000001ed35210000] _byte_map_base: 0x000001ed31210000

Marking Bits: (CMBitMap*) 0x000001ed0f6a9ba0
 Bits: [0x000001ed35210000, 0x000001ed3d210000)

Polling page: 0x000001ed0d410000

Metaspace:

Usage:
  Non-class:    129.17 MB used.
      Class:     20.70 MB used.
       Both:    149.88 MB used.

Virtual space:
  Non-class space:      192.00 MB reserved,     130.38 MB ( 68%) committed,  3 nodes.
      Class space:        1.00 GB reserved,      21.88 MB (  2%) committed,  1 nodes.
             Both:        1.19 GB reserved,     152.25 MB ( 13%) committed. 

Chunk freelists:
   Non-Class:  12.91 MB
       Class:  9.96 MB
        Both:  22.86 MB

MaxMetaspaceSize: 4.00 GB
CompressedClassSpaceSize: 1.00 GB
Initial GC threshold: 21.00 MB
Current GC threshold: 231.69 MB
CDS: off
 - commit_granule_bytes: 65536.
 - commit_granule_words: 8192.
 - virtual_space_node_default_size: 8388608.
 - enlarge_chunks_in_place: 1.
 - use_allocation_guard: 0.


Internal statistics:

num_allocs_failed_limit: 12.
num_arena_births: 4908.
num_arena_deaths: 0.
num_vsnodes_births: 4.
num_vsnodes_deaths: 0.
num_space_committed: 2434.
num_space_uncommitted: 0.
num_chunks_returned_to_freelist: 12.
num_chunks_taken_from_freelist: 11068.
num_chunk_merges: 12.
num_chunk_splits: 7597.
num_chunks_enlarged: 5124.
num_inconsistent_stats: 0.

CodeHeap 'non-profiled nmethods': size=258432Kb used=8947Kb max_used=8947Kb free=249484Kb
 bounds [0x000001ed22b00000, 0x000001ed233c0000, 0x000001ed32760000]
CodeHeap 'profiled nmethods': size=258368Kb used=29885Kb max_used=29885Kb free=228482Kb
 bounds [0x000001ed12760000, 0x000001ed14490000, 0x000001ed223b0000]
CodeHeap 'non-nmethods': size=7488Kb used=3238Kb max_used=3779Kb free=4249Kb
 bounds [0x000001ed223b0000, 0x000001ed22770000, 0x000001ed22b00000]
CodeCache: size=524288Kb, used=42070Kb, max_used=42611Kb, free=482215Kb
 total_blobs=15371, nmethods=14396, adapters=876, full_count=0
Compilation: enabled, stopped_count=0, restarted_count=0

Compilation events (20 events):
Event: 23.687 Thread 0x000001ed4046d630 nmethod 16920 0x000001ed233bba90 code [0x000001ed233bbc20, 0x000001ed233bbce8]
Event: 23.687 Thread 0x000001ed4046d630 16921       3       org.jetbrains.kotlin.load.java.typeEnhancement.TypeEnhancementUtilsKt::select (105 bytes)
Event: 23.687 Thread 0x000001ed4046d630 nmethod 16921 0x000001ed14487b90 code [0x000001ed14487e00, 0x000001ed14488910]
Event: 23.688 Thread 0x000001ed4046ff10 16923       1       org.jetbrains.kotlin.load.java.lazy.types.JavaTypeAttributes::getFlexibility (5 bytes)
Event: 23.688 Thread 0x000001ed4046ff10 nmethod 16923 0x000001ed233bbd90 code [0x000001ed233bbf20, 0x000001ed233bbff0]
Event: 23.689 Thread 0x000001ed4046ff10 16924       3       org.jetbrains.kotlin.metadata.deserialization.ProtoTypeTableUtilKt::abbreviatedType (47 bytes)
Event: 23.690 Thread 0x000001ed4046ff10 nmethod 16924 0x000001ed14488c10 code [0x000001ed14488f00, 0x000001ed14489dc0]
Event: 23.691 Thread 0x000001ed4046ff10 16925       3       org.jetbrains.kotlin.serialization.deserialization.TypeDeserializer::simpleType$collectAllArguments (53 bytes)
Event: 23.691 Thread 0x000001ed4046d630 16926       3       org.jetbrains.kotlin.metadata.deserialization.ProtoTypeTableUtilKt::outerType (47 bytes)
Event: 23.691 Thread 0x000001ed40410910 16927       3       org.jetbrains.kotlin.metadata.ProtoBuf$Type::hasOuterTypeId (20 bytes)
Event: 23.691 Thread 0x000001ed40410910 nmethod 16927 0x000001ed1448a290 code [0x000001ed1448a420, 0x000001ed1448a588]
Event: 23.691 Thread 0x000001ed4046ff10 nmethod 16925 0x000001ed1448a610 code [0x000001ed1448a820, 0x000001ed1448ad68]
Event: 23.691 Thread 0x000001ed4046ff10 16928       3       org.jetbrains.kotlin.descriptors.impl.ModuleAwareClassDescriptor$Companion::getRefinedMemberScopeIfPossible$descriptors (61 bytes)
Event: 23.691 Thread 0x000001ed4046d630 nmethod 16926 0x000001ed1448af10 code [0x000001ed1448b200, 0x000001ed1448c0c0]
Event: 23.692 Thread 0x000001ed4046ff10 nmethod 16928 0x000001ed1448c590 code [0x000001ed1448c940, 0x000001ed1448dec8]
Event: 23.692 Thread 0x000001ed52262590 nmethod 16906 0x000001ed233bc090 code [0x000001ed233bc260, 0x000001ed233bc908]
Event: 23.692 Thread 0x000001ed52262590 16922       4       org.jetbrains.org.objectweb.asm.ClassReader::accept (1380 bytes)
Event: 23.693 Thread 0x000001ed4046ff10 16929       3       org.jetbrains.kotlin.load.java.structure.impl.classFiles.BinaryJavaClass::getTypeParameters (18 bytes)
Event: 23.694 Thread 0x000001ed4046ff10 nmethod 16929 0x000001ed1448e590 code [0x000001ed1448e840, 0x000001ed1448f240]
Event: 23.696 Thread 0x000001ed40410910 16931       3       java.lang.Character::isJavaIdentifierPart (5 bytes)

GC Heap History (20 events):
Event: 15.952 GC heap after
{Heap after GC invocations=34 (full 0):
 garbage-first heap   total 172032K, used 104396K [0x0000000600000000, 0x0000000800000000)
  region size 4096K, 1 young (4096K), 1 survivors (4096K)
 Metaspace       used 107356K, committed 109312K, reserved 1179648K
  class space    used 15543K, committed 16512K, reserved 1048576K
}
Event: 16.477 GC heap before
{Heap before GC invocations=34 (full 0):
 garbage-first heap   total 172032K, used 149452K [0x0000000600000000, 0x0000000800000000)
  region size 4096K, 12 young (49152K), 1 survivors (4096K)
 Metaspace       used 111062K, committed 113088K, reserved 1179648K
  class space    used 16043K, committed 17024K, reserved 1048576K
}
Event: 16.482 GC heap after
{Heap after GC invocations=35 (full 0):
 garbage-first heap   total 208896K, used 106240K [0x0000000600000000, 0x0000000800000000)
  region size 4096K, 2 young (8192K), 2 survivors (8192K)
 Metaspace       used 111062K, committed 113088K, reserved 1179648K
  class space    used 16043K, committed 17024K, reserved 1048576K
}
Event: 17.245 GC heap before
{Heap before GC invocations=36 (full 0):
 garbage-first heap   total 208896K, used 179968K [0x0000000600000000, 0x0000000800000000)
  region size 4096K, 21 young (86016K), 2 survivors (8192K)
 Metaspace       used 115121K, committed 117120K, reserved 1179648K
  class space    used 16627K, committed 17600K, reserved 1048576K
}
Event: 17.251 GC heap after
{Heap after GC invocations=37 (full 0):
 garbage-first heap   total 208896K, used 111301K [0x0000000600000000, 0x0000000800000000)
  region size 4096K, 3 young (12288K), 3 survivors (12288K)
 Metaspace       used 115121K, committed 117120K, reserved 1179648K
  class space    used 16627K, committed 17600K, reserved 1048576K
}
Event: 18.249 GC heap before
{Heap before GC invocations=37 (full 0):
 garbage-first heap   total 208896K, used 185029K [0x0000000600000000, 0x0000000800000000)
  region size 4096K, 21 young (86016K), 3 survivors (12288K)
 Metaspace       used 125162K, committed 127232K, reserved 1179648K
  class space    used 17915K, committed 18944K, reserved 1048576K
}
Event: 18.258 GC heap after
{Heap after GC invocations=38 (full 0):
 garbage-first heap   total 208896K, used 112169K [0x0000000600000000, 0x0000000800000000)
  region size 4096K, 2 young (8192K), 2 survivors (8192K)
 Metaspace       used 125162K, committed 127232K, reserved 1179648K
  class space    used 17915K, committed 18944K, reserved 1048576K
}
Event: 18.386 GC heap before
{Heap before GC invocations=38 (full 0):
 garbage-first heap   total 208896K, used 120361K [0x0000000600000000, 0x0000000800000000)
  region size 4096K, 5 young (20480K), 2 survivors (8192K)
 Metaspace       used 126707K, committed 128896K, reserved 1179648K
  class space    used 18114K, committed 19200K, reserved 1048576K
}
Event: 18.391 GC heap after
{Heap after GC invocations=39 (full 0):
 garbage-first heap   total 208896K, used 112621K [0x0000000600000000, 0x0000000800000000)
  region size 4096K, 1 young (4096K), 1 survivors (4096K)
 Metaspace       used 126707K, committed 128896K, reserved 1179648K
  class space    used 18114K, committed 19200K, reserved 1048576K
}
Event: 18.646 GC heap before
{Heap before GC invocations=40 (full 0):
 garbage-first heap   total 208896K, used 198637K [0x0000000600000000, 0x0000000800000000)
  region size 4096K, 20 young (81920K), 1 survivors (4096K)
 Metaspace       used 127141K, committed 129344K, reserved 1179648K
  class space    used 18126K, committed 19200K, reserved 1048576K
}
Event: 18.663 GC heap after
{Heap after GC invocations=41 (full 0):
 garbage-first heap   total 229376K, used 135231K [0x0000000600000000, 0x0000000800000000)
  region size 4096K, 3 young (12288K), 3 survivors (12288K)
 Metaspace       used 127141K, committed 129344K, reserved 1179648K
  class space    used 18126K, committed 19200K, reserved 1048576K
}
Event: 19.338 GC heap before
{Heap before GC invocations=41 (full 0):
 garbage-first heap   total 229376K, used 204863K [0x0000000600000000, 0x0000000800000000)
  region size 4096K, 18 young (73728K), 3 survivors (12288K)
 Metaspace       used 133022K, committed 135168K, reserved 1179648K
  class space    used 18821K, committed 19904K, reserved 1048576K
}
Event: 19.354 GC heap after
{Heap after GC invocations=42 (full 0):
 garbage-first heap   total 233472K, used 149750K [0x0000000600000000, 0x0000000800000000)
  region size 4096K, 2 young (8192K), 2 survivors (8192K)
 Metaspace       used 133022K, committed 135168K, reserved 1179648K
  class space    used 18821K, committed 19904K, reserved 1048576K
}
Event: 20.248 GC heap before
{Heap before GC invocations=42 (full 0):
 garbage-first heap   total 233472K, used 202998K [0x0000000600000000, 0x0000000800000000)
  region size 4096K, 15 young (61440K), 2 survivors (8192K)
 Metaspace       used 139497K, committed 141952K, reserved 1179648K
  class space    used 19529K, committed 20736K, reserved 1048576K
}
Event: 20.255 GC heap after
{Heap after GC invocations=43 (full 0):
 garbage-first heap   total 233472K, used 153305K [0x0000000600000000, 0x0000000800000000)
  region size 4096K, 1 young (4096K), 1 survivors (4096K)
 Metaspace       used 139497K, committed 141952K, reserved 1179648K
  class space    used 19529K, committed 20736K, reserved 1048576K
}
Event: 22.182 GC heap before
{Heap before GC invocations=44 (full 0):
 garbage-first heap   total 262144K, used 210649K [0x0000000600000000, 0x0000000800000000)
  region size 4096K, 15 young (61440K), 1 survivors (4096K)
 Metaspace       used 146902K, committed 149312K, reserved 1179648K
  class space    used 20504K, committed 21696K, reserved 1048576K
}
Event: 22.186 GC heap after
{Heap after GC invocations=45 (full 0):
 garbage-first heap   total 262144K, used 156860K [0x0000000600000000, 0x0000000800000000)
  region size 4096K, 2 young (8192K), 2 survivors (8192K)
 Metaspace       used 146902K, committed 149312K, reserved 1179648K
  class space    used 20504K, committed 21696K, reserved 1048576K
}
Event: 22.899 GC heap before
{Heap before GC invocations=45 (full 0):
 garbage-first heap   total 262144K, used 234684K [0x0000000600000000, 0x0000000800000000)
  region size 4096K, 21 young (86016K), 2 survivors (8192K)
 Metaspace       used 149582K, committed 152064K, reserved 1179648K
  class space    used 20789K, committed 22016K, reserved 1048576K
}
Event: 22.908 GC heap after
{Heap after GC invocations=46 (full 0):
 garbage-first heap   total 262144K, used 162033K [0x0000000600000000, 0x0000000800000000)
  region size 4096K, 3 young (12288K), 3 survivors (12288K)
 Metaspace       used 149582K, committed 152064K, reserved 1179648K
  class space    used 20789K, committed 22016K, reserved 1048576K
}
Event: 23.697 GC heap before
{Heap before GC invocations=46 (full 0):
 garbage-first heap   total 262144K, used 235761K [0x0000000600000000, 0x0000000800000000)
  region size 4096K, 21 young (86016K), 3 survivors (12288K)
 Metaspace       used 153472K, committed 155904K, reserved 1245184K
  class space    used 21198K, committed 22400K, reserved 1048576K
}

Dll operation events (3 events):
Event: 0.012 Loaded shared library C:\Program Files\Android\Android Studio\jbr\bin\java.dll
Event: 0.017 Loaded shared library C:\Program Files\Android\Android Studio\jbr\bin\zip.dll
Event: 0.746 Loaded shared library C:\Program Files\Android\Android Studio\jbr\bin\verify.dll

Deoptimization events (20 events):
Event: 23.535 Thread 0x000001ed46477310 Uncommon trap: trap_request=0xffffffde fr.pc=0x000001ed232c9c10 relative=0x0000000000000450
Event: 23.535 Thread 0x000001ed46477310 Uncommon trap: reason=class_check action=maybe_recompile pc=0x000001ed232c9c10 method=org.jetbrains.kotlin.storage.LockBasedStorageManager$LockBasedLazyValue.invoke()Ljava/lang/Object; @ 24 c2
Event: 23.535 Thread 0x000001ed46477310 DEOPT PACKING pc=0x000001ed232c9c10 sp=0x00000022b69ea9f0
Event: 23.535 Thread 0x000001ed46477310 DEOPT UNPACKING pc=0x000001ed22404422 sp=0x00000022b69ea930 mode 2
Event: 23.535 Thread 0x000001ed46477310 Uncommon trap: trap_request=0xffffffde fr.pc=0x000001ed23355014 relative=0x0000000000000454
Event: 23.535 Thread 0x000001ed46477310 Uncommon trap: reason=class_check action=maybe_recompile pc=0x000001ed23355014 method=org.jetbrains.kotlin.storage.LockBasedStorageManager$LockBasedLazyValue.invoke()Ljava/lang/Object; @ 24 c2
Event: 23.535 Thread 0x000001ed46477310 DEOPT PACKING pc=0x000001ed23355014 sp=0x00000022b69eaa60
Event: 23.535 Thread 0x000001ed46477310 DEOPT UNPACKING pc=0x000001ed22404422 sp=0x00000022b69ea948 mode 2
Event: 23.535 Thread 0x000001ed46477310 Uncommon trap: trap_request=0xffffffde fr.pc=0x000001ed23346200 relative=0x0000000000000f80
Event: 23.535 Thread 0x000001ed46477310 Uncommon trap: reason=class_check action=maybe_recompile pc=0x000001ed23346200 method=org.jetbrains.kotlin.storage.LockBasedStorageManager$LockBasedLazyValue.invoke()Ljava/lang/Object; @ 24 c2
Event: 23.535 Thread 0x000001ed46477310 DEOPT PACKING pc=0x000001ed23346200 sp=0x00000022b69eabe0
Event: 23.535 Thread 0x000001ed46477310 DEOPT UNPACKING pc=0x000001ed22404422 sp=0x00000022b69ea970 mode 2
Event: 23.537 Thread 0x000001ed46477310 Uncommon trap: trap_request=0xffffffde fr.pc=0x000001ed232c9c10 relative=0x0000000000000450
Event: 23.537 Thread 0x000001ed46477310 Uncommon trap: reason=class_check action=maybe_recompile pc=0x000001ed232c9c10 method=org.jetbrains.kotlin.storage.LockBasedStorageManager$LockBasedLazyValue.invoke()Ljava/lang/Object; @ 24 c2
Event: 23.537 Thread 0x000001ed46477310 DEOPT PACKING pc=0x000001ed232c9c10 sp=0x00000022b69ea7d0
Event: 23.537 Thread 0x000001ed46477310 DEOPT UNPACKING pc=0x000001ed22404422 sp=0x00000022b69ea710 mode 2
Event: 23.537 Thread 0x000001ed46477310 Uncommon trap: trap_request=0xffffffde fr.pc=0x000001ed2335d510 relative=0x0000000000000450
Event: 23.537 Thread 0x000001ed46477310 Uncommon trap: reason=class_check action=maybe_recompile pc=0x000001ed2335d510 method=org.jetbrains.kotlin.storage.LockBasedStorageManager$LockBasedLazyValue.invoke()Ljava/lang/Object; @ 24 c2
Event: 23.537 Thread 0x000001ed46477310 DEOPT PACKING pc=0x000001ed2335d510 sp=0x00000022b69ea810
Event: 23.537 Thread 0x000001ed46477310 DEOPT UNPACKING pc=0x000001ed22404422 sp=0x00000022b69ea7c0 mode 2

Classes loaded (20 events):
Event: 21.532 Loading class java/text/StringCharacterIterator
Event: 21.533 Loading class java/text/CharacterIterator
Event: 21.533 Loading class java/text/CharacterIterator done
Event: 21.533 Loading class java/text/StringCharacterIterator done
Event: 21.859 Loading class java/util/function/IntUnaryOperator
Event: 21.859 Loading class java/util/function/IntUnaryOperator done
Event: 21.929 Loading class java/util/AbstractList$SubList
Event: 21.929 Loading class java/util/AbstractList$SubList done
Event: 21.929 Loading class java/util/AbstractList$SubList$1
Event: 21.929 Loading class java/util/AbstractList$SubList$1 done
Event: 22.080 Loading class java/util/EnumMap$EntrySet
Event: 22.081 Loading class java/util/EnumMap$EntrySet done
Event: 22.081 Loading class java/util/EnumMap$EntryIterator
Event: 22.081 Loading class java/util/EnumMap$EnumMapIterator
Event: 22.081 Loading class java/util/EnumMap$EnumMapIterator done
Event: 22.081 Loading class java/util/EnumMap$EntryIterator done
Event: 22.081 Loading class java/util/EnumMap$EntryIterator$Entry
Event: 22.081 Loading class java/util/EnumMap$EntryIterator$Entry done
Event: 23.065 Loading class java/util/AbstractList$RandomAccessSubList
Event: 23.065 Loading class java/util/AbstractList$RandomAccessSubList done

Classes unloaded (0 events):
No events

Classes redefined (0 events):
No events

Internal exceptions (20 events):
Event: 18.326 Thread 0x000001ed46477310 Exception <a 'java/lang/NoSuchMethodError'{0x000000060bd2fbe8}: 'void java.lang.invoke.Invokers$Holder.invokeExact_MT(java.lang.Object, java.lang.Object, long, java.lang.Object, java.lang.Object)'> (0x000000060bd2fbe8) 
thrown [s\src\hotspot\share\interpreter\linkResolver.cpp, line 784]
Event: 20.157 Thread 0x000001ed46477310 Exception <a 'java/lang/NoSuchMethodError'{0x0000000609cadf90}: 'java.lang.Object java.lang.invoke.DirectMethodHandle$Holder.newInvokeSpecial(java.lang.Object, java.lang.Object, java.lang.Object, java.lang.Object, java.lang.Object, java.lang.Object, java.lang.Object, java.lang.Object, java.lang.Object, java.lang.Object, java.lang.Object, java.lang.Object, java.lang.Object, java.lang.Object)'> (0x0000000609cadf90) 
thrown [s\src\hotspot\share\interpreter\linkResolver.cpp, line 784]
Event: 20.167 Thread 0x000001ed46477310 Exception <a 'java/lang/NoSuchMethodError'{0x0000000609dccc80}: 'java.lang.Object java.lang.invoke.DirectMethodHandle$Holder.newInvokeSpecial(java.lang.Object, java.lang.Object, java.lang.Object, java.lang.Object, java.lang.Object, java.lang.Object, java.lang.Object, java.lang.Object, java.lang.Object, java.lang.Object, java.lang.Object, java.lang.Object, java.lang.Object, java.lang.Object, java.lang.Object, java.lang.Object, java.lang.Object, java.lang.Object, java.lang.Object, java.lang.Object, java.lang
Event: 20.167 Thread 0x000001ed46477310 Exception <a 'java/lang/NoSuchMethodError'{0x0000000609dd49a0}: 'java.lang.Object java.lang.invoke.DelegatingMethodHandle$Holder.reinvoke_L(java.lang.Object, java.lang.Object, java.lang.Object, java.lang.Object, java.lang.Object, java.lang.Object, java.lang.Object, java.lang.Object, java.lang.Object, java.lang.Object, java.lang.Object, java.lang.Object, java.lang.Object, java.lang.Object, java.lang.Object, java.lang.Object, java.lang.Object, java.lang.Object, java.lang.Object, java.lang.Object, java.lang.O
Event: 20.180 Thread 0x000001ed46477310 Exception <a 'java/lang/NoSuchMethodError'{0x0000000609fa8d30}: 'java.lang.Object java.lang.invoke.DirectMethodHandle$Holder.newInvokeSpecial(java.lang.Object, java.lang.Object, java.lang.Object, java.lang.Object, java.lang.Object, java.lang.Object, java.lang.Object, java.lang.Object, java.lang.Object, java.lang.Object, java.lang.Object, java.lang.Object, java.lang.Object, java.lang.Object, java.lang.Object, java.lang.Object, java.lang.Object, java.lang.Object, java.lang.Object, java.lang.Object)'> (0x0000
Event: 20.181 Thread 0x000001ed46477310 Exception <a 'java/lang/NoSuchMethodError'{0x0000000609fb0c50}: 'java.lang.Object java.lang.invoke.DirectMethodHandle$Holder.invokeSpecial(java.lang.Object, java.lang.Object, java.lang.Object, java.lang.Object, java.lang.Object, java.lang.Object, java.lang.Object, java.lang.Object, java.lang.Object, java.lang.Object, java.lang.Object, java.lang.Object, java.lang.Object, java.lang.Object, java.lang.Object, java.lang.Object, java.lang.Object, java.lang.Object, java.lang.Object, java.lang.Object, java.lang.Ob
Event: 20.181 Thread 0x000001ed46477310 Exception <a 'java/lang/NoSuchMethodError'{0x0000000609fb76c0}: 'java.lang.Object java.lang.invoke.DelegatingMethodHandle$Holder.reinvoke_L(java.lang.Object, java.lang.Object, java.lang.Object, java.lang.Object, java.lang.Object, java.lang.Object, java.lang.Object, java.lang.Object, java.lang.Object, java.lang.Object, java.lang.Object, java.lang.Object, java.lang.Object, java.lang.Object, java.lang.Object, java.lang.Object, java.lang.Object, java.lang.Object, java.lang.Object, java.lang.Object)'> (0x000000
Event: 22.145 Thread 0x000001ed46477310 Exception <a 'java/lang/NoSuchMethodError'{0x000000060ac53598}: 'java.lang.Object java.lang.invoke.DirectMethodHandle$Holder.invokeStatic(java.lang.Object, java.lang.Object, java.lang.Object, java.lang.Object, java.lang.Object, int, java.lang.Object)'> (0x000000060ac53598) 
thrown [s\src\hotspot\share\interpreter\linkResolver.cpp, line 784]
Event: 22.145 Thread 0x000001ed46477310 Exception <a 'java/lang/NoSuchMethodError'{0x000000060ac5dd10}: 'java.lang.Object java.lang.invoke.DirectMethodHandle$Holder.newInvokeSpecial(java.lang.Object, java.lang.Object, java.lang.Object, java.lang.Object, java.lang.Object, int, java.lang.Object)'> (0x000000060ac5dd10) 
thrown [s\src\hotspot\share\interpreter\linkResolver.cpp, line 784]
Event: 22.146 Thread 0x000001ed46477310 Exception <a 'java/lang/NoSuchMethodError'{0x000000060ac67118}: 'java.lang.Object java.lang.invoke.Invokers$Holder.linkToTargetMethod(java.lang.Object, java.lang.Object, java.lang.Object, java.lang.Object, int, java.lang.Object, java.lang.Object)'> (0x000000060ac67118) 
thrown [s\src\hotspot\share\interpreter\linkResolver.cpp, line 784]
Event: 22.256 Thread 0x000001ed46477310 Exception <a 'java/lang/NoSuchMethodError'{0x000000060cd7c080}: 'java.lang.Object java.lang.invoke.DirectMethodHandle$Holder.invokeStatic(java.lang.Object, java.lang.Object, java.lang.Object, java.lang.Object, int, java.lang.Object, java.lang.Object)'> (0x000000060cd7c080) 
thrown [s\src\hotspot\share\interpreter\linkResolver.cpp, line 784]
Event: 22.409 Thread 0x000001ed45f17030 Exception <a 'sun/nio/fs/WindowsException'{0x000000060c212188}> (0x000000060c212188) 
thrown [s\src\hotspot\share\prims\jni.cpp, line 537]
Event: 22.411 Thread 0x000001ed45f17030 Exception <a 'sun/nio/fs/WindowsException'{0x000000060c220dc8}> (0x000000060c220dc8) 
thrown [s\src\hotspot\share\prims\jni.cpp, line 537]
Event: 23.179 Thread 0x000001ed46477310 Exception <a 'java/lang/NoSuchMethodError'{0x000000060bfb58e0}: 'java.lang.Object java.lang.invoke.DirectMethodHandle$Holder.invokeStatic(java.lang.Object, int, java.lang.Object, java.lang.Object, java.lang.Object, java.lang.Object, java.lang.Object, java.lang.Object)'> (0x000000060bfb58e0) 
thrown [s\src\hotspot\share\interpreter\linkResolver.cpp, line 784]
Event: 23.180 Thread 0x000001ed46477310 Exception <a 'java/lang/NoSuchMethodError'{0x000000060bfc0f78}: 'java.lang.Object java.lang.invoke.DirectMethodHandle$Holder.newInvokeSpecial(java.lang.Object, int, java.lang.Object, java.lang.Object, java.lang.Object, java.lang.Object, java.lang.Object)'> (0x000000060bfc0f78) 
thrown [s\src\hotspot\share\interpreter\linkResolver.cpp, line 784]
Event: 23.180 Thread 0x000001ed46477310 Exception <a 'java/lang/NoSuchMethodError'{0x000000060bfc7060}: 'java.lang.Object java.lang.invoke.DirectMethodHandle$Holder.invokeSpecial(java.lang.Object, java.lang.Object, int, java.lang.Object, java.lang.Object, java.lang.Object, java.lang.Object, java.lang.Object)'> (0x000000060bfc7060) 
thrown [s\src\hotspot\share\interpreter\linkResolver.cpp, line 784]
Event: 23.279 Thread 0x000001ed46477310 Exception <a 'java/lang/IncompatibleClassChangeError'{0x000000060b621d00}: Found class java.lang.Object, but interface was expected> (0x000000060b621d00) 
thrown [s\src\hotspot\share\interpreter\linkResolver.cpp, line 851]
Event: 23.493 Thread 0x000001ed46477310 Exception <a 'java/lang/NoSuchMethodError'{0x000000060a8136d8}: 'java.lang.Object java.lang.invoke.DirectMethodHandle$Holder.invokeStatic(java.lang.Object, java.lang.Object, int, java.lang.Object)'> (0x000000060a8136d8) 
thrown [s\src\hotspot\share\interpreter\linkResolver.cpp, line 784]
Event: 23.494 Thread 0x000001ed46477310 Exception <a 'java/lang/NoSuchMethodError'{0x000000060a81c940}: 'java.lang.Object java.lang.invoke.Invokers$Holder.linkToTargetMethod(java.lang.Object, int, java.lang.Object, java.lang.Object)'> (0x000000060a81c940) 
thrown [s\src\hotspot\share\interpreter\linkResolver.cpp, line 784]
Event: 23.529 Thread 0x000001ed46477310 Implicit null exception at 0x000001ed22b33b20 to 0x000001ed22b3418c

ZGC Phase Switch (0 events):
No events

VM Operations (20 events):
Event: 22.908 Executing VM operation: G1CollectForAllocation (G1 Evacuation Pause) done
Event: 23.241 Executing VM operation: HandshakeAllThreads (Deoptimize)
Event: 23.241 Executing VM operation: HandshakeAllThreads (Deoptimize) done
Event: 23.272 Executing VM operation: ICBufferFull
Event: 23.273 Executing VM operation: ICBufferFull done
Event: 23.294 Executing VM operation: HandshakeAllThreads (Deoptimize)
Event: 23.295 Executing VM operation: HandshakeAllThreads (Deoptimize) done
Event: 23.336 Executing VM operation: HandshakeAllThreads (Deoptimize)
Event: 23.337 Executing VM operation: HandshakeAllThreads (Deoptimize) done
Event: 23.382 Executing VM operation: ICBufferFull
Event: 23.382 Executing VM operation: ICBufferFull done
Event: 23.410 Executing VM operation: HandshakeAllThreads (Deoptimize)
Event: 23.410 Executing VM operation: HandshakeAllThreads (Deoptimize) done
Event: 23.539 Executing VM operation: ICBufferFull
Event: 23.539 Executing VM operation: ICBufferFull done
Event: 23.636 Executing VM operation: ICBufferFull
Event: 23.636 Executing VM operation: ICBufferFull done
Event: 23.677 Executing VM operation: ICBufferFull
Event: 23.677 Executing VM operation: ICBufferFull done
Event: 23.697 Executing VM operation: G1CollectForAllocation (G1 Evacuation Pause)

Memory protections (0 events):
No events

Nmethod flushes (20 events):
Event: 20.312 Thread 0x000001ed40355460 flushing  nmethod 0x000001ed129c8190
Event: 20.312 Thread 0x000001ed40355460 flushing  nmethod 0x000001ed13309d90
Event: 20.312 Thread 0x000001ed40355460 flushing  nmethod 0x000001ed1330ca90
Event: 20.312 Thread 0x000001ed40355460 flushing  nmethod 0x000001ed13cb1a10
Event: 20.312 Thread 0x000001ed40355460 flushing  nmethod 0x000001ed23062390
Event: 20.312 Thread 0x000001ed40355460 flushing  nmethod 0x000001ed1278dc90
Event: 20.312 Thread 0x000001ed40355460 flushing  nmethod 0x000001ed1281ac10
Event: 20.312 Thread 0x000001ed40355460 flushing  nmethod 0x000001ed1281b090
Event: 20.312 Thread 0x000001ed40355460 flushing  nmethod 0x000001ed12935790
Event: 20.312 Thread 0x000001ed40355460 flushing  nmethod 0x000001ed129b4d90
Event: 20.312 Thread 0x000001ed40355460 flushing  nmethod 0x000001ed12a36510
Event: 20.312 Thread 0x000001ed40355460 flushing  nmethod 0x000001ed12d4ec10
Event: 20.312 Thread 0x000001ed40355460 flushing  nmethod 0x000001ed12d52390
Event: 20.312 Thread 0x000001ed40355460 flushing  nmethod 0x000001ed13378210
Event: 20.312 Thread 0x000001ed40355460 flushing  nmethod 0x000001ed133e5390
Event: 20.312 Thread 0x000001ed40355460 flushing  nmethod 0x000001ed13569b10
Event: 20.312 Thread 0x000001ed40355460 flushing  nmethod 0x000001ed136df790
Event: 20.312 Thread 0x000001ed40355460 flushing  nmethod 0x000001ed137ab310
Event: 20.312 Thread 0x000001ed40355460 flushing  nmethod 0x000001ed13c2d810
Event: 20.312 Thread 0x000001ed40355460 flushing  nmethod 0x000001ed13223390

Events (20 events):
Event: 13.563 Thread 0x000001ed46477310 Thread added: 0x000001ed4703af70
Event: 13.563 Thread 0x000001ed46477310 Thread added: 0x000001ed4703ea80
Event: 13.563 Thread 0x000001ed46477310 Thread added: 0x000001ed4703b600
Event: 14.944 Thread 0x000001ed46ba07e0 Thread exited: 0x000001ed46ba07e0
Event: 14.972 Thread 0x000001ed46ba1580 Thread exited: 0x000001ed46ba1580
Event: 15.243 Thread 0x000001ed4046d630 Thread added: 0x000001ed4046f840
Event: 15.396 Thread 0x000001ed4046f840 Thread exited: 0x000001ed4046f840
Event: 15.594 Thread 0x000001ed40410910 Thread added: 0x000001ed404705e0
Event: 16.439 Thread 0x000001ed46477310 Thread added: 0x000001ed4779f380
Event: 16.639 Thread 0x000001ed404705e0 Thread exited: 0x000001ed404705e0
Event: 16.955 Thread 0x000001ed403fce40 Thread added: 0x000001ed51b14db0
Event: 17.519 Thread 0x000001ed51b14db0 Thread exited: 0x000001ed51b14db0
Event: 18.358 Thread 0x000001ed403fce40 Thread added: 0x000001ed51b16220
Event: 18.947 Thread 0x000001ed51b16220 Thread exited: 0x000001ed51b16220
Event: 20.061 Thread 0x000001ed4046e3d0 Thread exited: 0x000001ed4046e3d0
Event: 20.065 Thread 0x000001ed4046ff10 Thread added: 0x000001ed52264e70
Event: 20.241 Thread 0x000001ed40410910 Thread added: 0x000001ed52262590
Event: 20.285 Thread 0x000001ed52264e70 Thread exited: 0x000001ed52264e70
Event: 21.316 Thread 0x000001ed52262590 Thread exited: 0x000001ed52262590
Event: 21.697 Thread 0x000001ed4046d630 Thread added: 0x000001ed52262590


Dynamic libraries:
0x00007ff60bdd0000 - 0x00007ff60bdda000 	C:\Program Files\Android\Android Studio\jbr\bin\java.exe
0x00007ffff7cc0000 - 0x00007ffff7f27000 	C:\Windows\SYSTEM32\ntdll.dll
0x00007ffff6b40000 - 0x00007ffff6c09000 	C:\Windows\System32\KERNEL32.DLL
0x00007ffff45a0000 - 0x00007ffff4991000 	C:\Windows\System32\KERNELBASE.dll
0x00007ffff5620000 - 0x00007ffff576b000 	C:\Windows\System32\ucrtbase.dll
0x00007fffc4bf0000 - 0x00007fffc4c08000 	C:\Program Files\Android\Android Studio\jbr\bin\jli.dll
0x00007fffeb400000 - 0x00007fffeb41b000 	C:\Program Files\Android\Android Studio\jbr\bin\VCRUNTIME140.dll
0x00007ffff7100000 - 0x00007ffff72c5000 	C:\Windows\System32\USER32.dll
0x00007fffd4f20000 - 0x00007fffd51b3000 	C:\Windows\WinSxS\amd64_microsoft.windows.common-controls_6595b64144ccf1df_6.0.26100.8037_none_3e092faae333b53b\COMCTL32.dll
0x00007ffff5a30000 - 0x00007ffff5a57000 	C:\Windows\System32\win32u.dll
0x00007ffff5c30000 - 0x00007ffff5cd9000 	C:\Windows\System32\msvcrt.dll
0x00007ffff6eb0000 - 0x00007ffff6edb000 	C:\Windows\System32\GDI32.dll
0x00007ffff5430000 - 0x00007ffff555b000 	C:\Windows\System32\gdi32full.dll
0x00007ffff5380000 - 0x00007ffff5423000 	C:\Windows\System32\msvcp_win.dll
0x00007ffff6e00000 - 0x00007ffff6e31000 	C:\Windows\System32\IMM32.DLL
0x00007fffe8a10000 - 0x00007fffe8a1c000 	C:\Program Files\Android\Android Studio\jbr\bin\vcruntime140_1.dll
0x00007fffc1720000 - 0x00007fffc17ad000 	C:\Program Files\Android\Android Studio\jbr\bin\msvcp140.dll
0x00007fff44630000 - 0x00007fff452c6000 	C:\Program Files\Android\Android Studio\jbr\bin\server\jvm.dll
0x00007ffff5a60000 - 0x00007ffff5b1b000 	C:\Windows\System32\ADVAPI32.dll
0x00007ffff7b50000 - 0x00007ffff7bf7000 	C:\Windows\System32\sechost.dll
0x00007ffff5ce0000 - 0x00007ffff5df8000 	C:\Windows\System32\RPCRT4.dll
0x00007ffff7c00000 - 0x00007ffff7c74000 	C:\Windows\System32\WS2_32.dll
0x00007fffe8990000 - 0x00007fffe89c5000 	C:\Windows\SYSTEM32\WINMM.dll
0x00007ffff4400000 - 0x00007ffff445e000 	C:\Windows\SYSTEM32\POWRPROF.dll
0x00007fffe32b0000 - 0x00007fffe32bb000 	C:\Windows\SYSTEM32\VERSION.dll
0x00007ffff43e0000 - 0x00007ffff43f4000 	C:\Windows\SYSTEM32\UMPDC.dll
0x00007ffff3330000 - 0x00007ffff334b000 	C:\Windows\SYSTEM32\kernel.appcore.dll
0x00007fffe7c30000 - 0x00007fffe7c3a000 	C:\Program Files\Android\Android Studio\jbr\bin\jimage.dll
0x00007ffff2470000 - 0x00007ffff26b2000 	C:\Windows\SYSTEM32\DBGHELP.DLL
0x00007ffff6720000 - 0x00007ffff6aa2000 	C:\Windows\System32\combase.dll
0x00007ffff6020000 - 0x00007ffff60f7000 	C:\Windows\System32\OLEAUT32.dll
0x00007fffbe190000 - 0x00007fffbe1cb000 	C:\Windows\SYSTEM32\dbgcore.DLL
0x00007ffff5980000 - 0x00007ffff5a25000 	C:\Windows\System32\bcryptPrimitives.dll
0x00007fffc4eb0000 - 0x00007fffc4ebe000 	C:\Program Files\Android\Android Studio\jbr\bin\instrument.dll
0x00007fffe2040000 - 0x00007fffe2060000 	C:\Program Files\Android\Android Studio\jbr\bin\java.dll
0x00007fffdb6d0000 - 0x00007fffdb6e8000 	C:\Program Files\Android\Android Studio\jbr\bin\zip.dll
0x00007ffff72d0000 - 0x00007ffff7a2f000 	C:\Windows\System32\SHELL32.dll
0x00007ffff5210000 - 0x00007ffff537a000 	C:\Windows\System32\wintypes.dll
0x00007ffff49a0000 - 0x00007ffff5204000 	C:\Windows\System32\windows.storage.dll
0x00007ffff5b30000 - 0x00007ffff5c27000 	C:\Windows\System32\SHCORE.dll
0x00007ffff6e40000 - 0x00007ffff6ea7000 	C:\Windows\System32\shlwapi.dll
0x00007ffff44c0000 - 0x00007ffff44e9000 	C:\Windows\SYSTEM32\profapi.dll
0x00007fffe7c20000 - 0x00007fffe7c30000 	C:\Program Files\Android\Android Studio\jbr\bin\net.dll
0x00007fffec2a0000 - 0x00007fffec3c7000 	C:\Windows\SYSTEM32\WINHTTP.dll
0x00007ffff38a0000 - 0x00007ffff390b000 	C:\Windows\system32\mswsock.dll
0x00007fffd6fe0000 - 0x00007fffd6ff6000 	C:\Program Files\Android\Android Studio\jbr\bin\nio.dll
0x00007fffd25a0000 - 0x00007fffd25b0000 	C:\Program Files\Android\Android Studio\jbr\bin\verify.dll
0x00007fffc46b0000 - 0x00007fffc46d7000 	C:\Users\VICTUS\.gradle\native\1def1411415f61bf3af743bc5b6707747c0891f09f0c88961ee8f79bc544acac\windows-amd64\native-platform.dll
0x00007fff94e30000 - 0x00007fff94ea8000 	C:\Users\VICTUS\.gradle\native\0.2.7\x86_64-windows-gnu\gradle-fileevents.dll
0x00007fffd33c0000 - 0x00007fffd33c9000 	C:\Program Files\Android\Android Studio\jbr\bin\management.dll
0x00007fffd33b0000 - 0x00007fffd33bb000 	C:\Program Files\Android\Android Studio\jbr\bin\management_ext.dll
0x00007ffff6ff0000 - 0x00007ffff6ff8000 	C:\Windows\System32\PSAPI.DLL
0x00007ffff2db0000 - 0x00007ffff2de3000 	C:\Windows\SYSTEM32\IPHLPAPI.DLL
0x00007ffff6c10000 - 0x00007ffff6c1a000 	C:\Windows\System32\NSI.dll
0x00007fffe05d0000 - 0x00007fffe05d9000 	C:\Program Files\Android\Android Studio\jbr\bin\extnet.dll
0x00007ffff3b80000 - 0x00007ffff3b9b000 	C:\Windows\SYSTEM32\CRYPTSP.dll
0x00007ffff3290000 - 0x00007ffff32c9000 	C:\Windows\system32\rsaenh.dll
0x00007ffff3950000 - 0x00007ffff3982000 	C:\Windows\SYSTEM32\USERENV.dll
0x00007ffff4490000 - 0x00007ffff44ba000 	C:\Windows\SYSTEM32\bcrypt.dll
0x00007ffff3ba0000 - 0x00007ffff3bac000 	C:\Windows\SYSTEM32\CRYPTBASE.dll
0x00007fffcf070000 - 0x00007fffcf078000 	C:\Windows\system32\wshunix.dll
0x00007ffff2df0000 - 0x00007ffff2f1a000 	C:\Windows\SYSTEM32\DNSAPI.dll
0x00007fffeb420000 - 0x00007fffeb42b000 	C:\Windows\System32\rasadhlp.dll
0x00007fffec9b0000 - 0x00007fffeca36000 	C:\Windows\System32\fwpuclnt.dll
0x00007fff6c3e0000 - 0x00007fff6c3f8000 	C:\Windows\system32\napinsp.dll
0x00007fff6c370000 - 0x00007fff6c382000 	C:\Windows\System32\winrnr.dll
0x00007fff6c330000 - 0x00007fff6c352000 	C:\Windows\system32\nlansp_c.dll
0x00007fffb4ac0000 - 0x00007fffb4ad6000 	C:\Windows\system32\wshbth.dll

JVMTI agents:
C:\Users\VICTUS\.gradle\wrapper\dists\gradle-8.14-all\c2qonpi39x1mddn7hk5gh9iqj\gradle-8.14\lib\agents\gradle-instrumentation-agent-8.14.jar path:C:\Program Files\Android\Android Studio\jbr\bin\instrument.dll, loaded, initialized, instrumentlib options:none

dbghelp: loaded successfully - version: 4.0.5 - missing functions: none
symbol engine: initialized successfully - sym options: 0x614 - pdb path: .;C:\Program Files\Android\Android Studio\jbr\bin;C:\Windows\SYSTEM32;C:\Windows\WinSxS\amd64_microsoft.windows.common-controls_6595b64144ccf1df_6.0.26100.8037_none_3e092faae333b53b;C:\Program Files\Android\Android Studio\jbr\bin\server;C:\Users\VICTUS\.gradle\native\1def1411415f61bf3af743bc5b6707747c0891f09f0c88961ee8f79bc544acac\windows-amd64;C:\Users\VICTUS\.gradle\native\0.2.7\x86_64-windows-gnu

VM Arguments:
jvm_args: --add-opens=java.base/java.lang=ALL-UNNAMED --add-opens=java.base/java.lang.invoke=ALL-UNNAMED --add-opens=java.base/java.util=ALL-UNNAMED --add-opens=java.prefs/java.util.prefs=ALL-UNNAMED --add-exports=jdk.compiler/com.sun.tools.javac.api=ALL-UNNAMED --add-exports=jdk.compiler/com.sun.tools.javac.util=ALL-UNNAMED --add-opens=java.base/java.util=ALL-UNNAMED --add-opens=java.prefs/java.util.prefs=ALL-UNNAMED --add-opens=java.base/java.nio.charset=ALL-UNNAMED --add-opens=java.base/java.net=ALL-UNNAMED --add-opens=java.base/java.util.concurrent.atomic=ALL-UNNAMED --add-opens=java.xml/javax.xml.namespace=ALL-UNNAMED -XX:MaxMetaspaceSize=4G -XX:ReservedCodeCacheSize=512m -XX:+HeapDumpOnOutOfMemoryError -Xmx8G -Dfile.encoding=UTF-8 -Duser.country=ID -Duser.language=en -Duser.variant -javaagent:C:\Users\VICTUS\.gradle\wrapper\dists\gradle-8.14-all\c2qonpi39x1mddn7hk5gh9iqj\gradle-8.14\lib\agents\gradle-instrumentation-agent-8.14.jar 
java_command: org.gradle.launcher.daemon.bootstrap.GradleDaemon 8.14
java_class_path (initial): C:\Users\VICTUS\.gradle\wrapper\dists\gradle-8.14-all\c2qonpi39x1mddn7hk5gh9iqj\gradle-8.14\lib\gradle-daemon-main-8.14.jar
Launcher Type: SUN_STANDARD

[Global flags]
     intx CICompilerCount                          = 12                                        {product} {ergonomic}
     uint ConcGCThreads                            = 3                                         {product} {ergonomic}
     uint G1ConcRefinementThreads                  = 13                                        {product} {ergonomic}
   size_t G1HeapRegionSize                         = 4194304                                   {product} {ergonomic}
    uintx GCDrainStackTargetSize                   = 64                                        {product} {ergonomic}
     bool HeapDumpOnOutOfMemoryError               = true                                   {manageable} {command line}
   size_t InitialHeapSize                          = 130023424                                 {product} {ergonomic}
   size_t MarkStackSize                            = 4194304                                   {product} {ergonomic}
   size_t MaxHeapSize                              = 8589934592                                {product} {command line}
   size_t MaxMetaspaceSize                         = 4294967296                                {product} {command line}
   size_t MaxNewSize                               = 5150605312                                {product} {ergonomic}
   size_t MinHeapDeltaBytes                        = 4194304                                   {product} {ergonomic}
   size_t MinHeapSize                              = 8388608                                   {product} {ergonomic}
    uintx NonNMethodCodeHeapSize                   = 7602480                                {pd product} {ergonomic}
    uintx NonProfiledCodeHeapSize                  = 264634216                              {pd product} {ergonomic}
    uintx ProfiledCodeHeapSize                     = 264634216                              {pd product} {ergonomic}
    uintx ReservedCodeCacheSize                    = 536870912                              {pd product} {command line}
     bool SegmentedCodeCache                       = true                                      {product} {ergonomic}
   size_t SoftMaxHeapSize                          = 8589934592                             {manageable} {ergonomic}
     bool UseCompressedOops                        = true                           {product lp64_product} {ergonomic}
     bool UseG1GC                                  = true                                      {product} {ergonomic}
     bool UseLargePagesIndividualAllocation        = false                                  {pd product} {ergonomic}

Logging:
Log output configuration:
 #0: stdout all=warning uptime,level,tags foldmultilines=false
 #1: stderr all=off uptime,level,tags foldmultilines=false

Release file:
JAVA_VERSION="21.0.9" 
MODULES="java.base java.compiler java.datatransfer java.xml java.prefs java.desktop java.instrument java.logging java.management java.security.sasl java.naming java.rmi java.management.rmi java.net.http java.scripting java.security.jgss java.transaction.xa java.sql java.sql.rowset java.xml.crypto java.se java.smartcardio jdk.accessibility jdk.internal.jvmstat jdk.attach jdk.charsets jdk.internal.opt jdk.zipfs jdk.compiler jdk.crypto.ec jdk.crypto.cryptoki jdk.dynalink jdk.hotspot.agent jdk.httpserver jdk.internal.ed jdk.internal.le jdk.internal.vm.ci jdk.jartool jdk.javadoc jdk.jcmd jdk.jdeps jdk.jdwp.agent jdk.jdi jdk.jfr jdk.jlink jdk.jsobject jdk.localedata jdk.management jdk.management.agent jdk.management.jfr jdk.naming.dns jdk.naming.rmi jdk.net jdk.sctp jdk.security.auth jdk.security.jgss jdk.unsupported jdk.unsupported.desktop jdk.xml.dom" 
IMPLEMENTOR="JetBrains s.r.o." 
JAVA_RUNTIME_VERSION="21.0.9+-14649483-b1163.86" 
LIBC="default" 
OS_ARCH="x86_64" 
OS_NAME="Windows" 
SOURCE=".:git:554d0c326095" 

Environment Variables:
JAVA_HOME=C:\Program Files\Android\Android Studio\jbr
CLASSPATH=C:\Users\VICTUS\StudioProjects\eticketing_app\android\\gradle\wrapper\gradle-wrapper.jar
PATH=C:\Program Files\Android\Android Studio\jbr\bin;C:\Windows\system32;C:\Windows;C:\Windows\System32\Wbem;C:\Windows\System32\WindowsPowerShell\v1.0\;C:\Windows\System32\OpenSSH\;C:\composer;C:\laragon\bin\php\php-8.3.29-nts-Win32-vs16-x64;C:\laragon\bin;C:\laragon\bin\apache\httpd-2.4.54-win64-VS16\bin;C:\laragon\bin\composer;C:\laragon\bin\git\bin;C:\laragon\bin\git\cmd;C:\laragon\bin\git\mingw64\bin;C:\laragon\bin\git\usr\bin;C:\laragon\bin\laragon\utils;C:\laragon\bin\mysql\mysql-8.0.30-winx64\bin;C:\laragon\bin\nginx\nginx-1.22.0;C:\laragon\bin\ngrok;C:\laragon\bin\nodejs\node-v18;C:\laragon\bin\notepad++;C:\laragon\bin\php\php-8.4.16-Win32-vs17-x64;C:\laragon\bin\postgresql\postgresql-14.5-1\bin;C:\laragon\bin\python\python-3.10;C:\laragon\bin\python\python-3.10\Scripts;C:\laragon\bin\redis\redis-x64-5.0.14.1;C:\laragon\bin\telnet;C:\laragon\usr\bin;C:\Users\VICTUS\AppData\Local\Yarn\config\global\node_modules\.bin;C:\Users\VICTUS\AppData\Roaming\Composer\vendor\bin;C:\Users\VICTUS\AppData\Roaming\npm;C:\Users\VICTUS\AppData\Local\Microsoft\WindowsApps;C:\Users\VICTUS\AppData\Local\Programs\Microsoft VS Code\bin;C:\flutter\bin;C:\Program Files\PostgreSQL\18\bin;C:\Users\VICTUS\AppData\Local\Android\Sdk\platform-tools;;C:\flutter\bin\mingit\cmd
USERNAME=VICTUS
OS=Windows_NT
PROCESSOR_IDENTIFIER=Intel64 Family 6 Model 154 Stepping 3, GenuineIntel
TMP=C:\Users\VICTUS\AppData\Local\Temp
TEMP=C:\Users\VICTUS\AppData\Local\Temp




Periodic native trim disabled

JNI global refs:
JNI global refs: 38, weak refs: 1

JNI global refs memory usage: 835, weak refs: 833

Process memory usage:
Resident Set Size: 552856K (6% of 8048628K total physical memory with 359476K free physical memory)

OOME stack traces (most recent first):
Classloader memory used:
Loader org.gradle.internal.classloader.VisitableURLClassLoader                         : 84922K
Loader bootstrap                                                                       : 33425K
Loader org.gradle.internal.classloader.VisitableURLClassLoader$InstrumentingVisitableURLClassLoader: 20601K
Loader org.gradle.initialization.MixInLegacyTypesClassLoader                           : 12776K
Loader jdk.internal.loader.ClassLoaders$PlatformClassLoader                            : 800K
Loader jdk.internal.jrtfs.JrtFileSystemProvider$JrtFsLoader                            : 339K
Loader jdk.internal.loader.ClassLoaders$AppClassLoader                                 : 238K
Loader jdk.internal.reflect.DelegatingClassLoader                                      : 218K
Loader org.gradle.internal.classloader.VisitableURLClassLoader                         : 149K

Classes loaded by more than one classloader:
Class Program                                                                         : loaded 10 times (x 72B)
Class Build_gradle$1                                                                  : loaded 3 times (x 74B)
Class Build_gradle                                                                    : loaded 3 times (x 130B)
Class Settings_gradle                                                                 : loaded 3 times (x 128B)
Class org.jetbrains.kotlin.util.capitalizeDecapitalize.CapitalizeDecapitalizeKt       : loaded 3 times (x 71B)
Class org.gradle.internal.classloader.FilteringClassLoader                            : loaded 2 times (x 105B)
Class jdk.internal.jimage.BasicImageReader                                            : loaded 2 times (x 95B)
Class org.jetbrains.kotlin.gradle.internal.KotlinDomApiDependencyManagementKt         : loaded 2 times (x 71B)
Class org.jetbrains.kotlin.gradle.plugin.KotlinPluginLifecycleImpl$launch$coroutine$1 : loaded 2 times (x 76B)
Class org.jetbrains.kotlin.gradle.targets.js.npm.NpmDependencyExtensionKt$defaultNpmDependencyDelegate$1: loaded 2 times (x 167B)
Class org.jetbrains.kotlin.gradle.plugin.diagnostics.checkers.MissingNativeStdlibChecker: loaded 2 times (x 74B)
Class org.jetbrains.kotlin.gradle.targets.native.KotilnNativeConfigureBinariesSideEffectKt: loaded 2 times (x 71B)
Class org.jetbrains.kotlin.gradle.plugin.KotlinPlatformType$DisambiguationRule        : loaded 2 times (x 76B)
Class org.jetbrains.kotlin.gradle.plugin.KotlinPlatformType$Companion                 : loaded 2 times (x 71B)
Class org.jetbrains.kotlin.gradle.plugin.internal.ConfigurationCacheStartParameterAccessorKt: loaded 2 times (x 71B)
Class com.google.common.base.CharMatcher$IsEither                                     : loaded 2 times (x 111B)
Class org.gradle.internal.classloader.ClassLoaderHierarchy                            : loaded 2 times (x 70B)
Class org.jetbrains.kotlin.gradle.utils.MutableObservableSet                          : loaded 2 times (x 70B)
Class org.jetbrains.kotlin.gradle.dsl.KotlinHierarchyDsl                              : loaded 2 times (x 70B)
Class org.jetbrains.kotlin.gradle.report.BuildReportType                              : loaded 2 times (x 79B)
Class org.jetbrains.kotlin.statistics.metrics.StringAnonymizationPolicy$AllowedListAnonymizer: loaded 2 times (x 79B)
Class com.google.common.collect.ImmutableEnumSet                                      : loaded 2 times (x 146B)
Class com.google.common.util.concurrent.ExecutionError                                : loaded 2 times (x 82B)
Class com.google.common.collect.ImmutableList$1                                       : loaded 2 times (x 97B)
Class org.gradle.api.internal.classpath.ManifestUtil                                  : loaded 2 times (x 71B)
Class org.jetbrains.kotlin.konan.target.KonanTarget$ANDROID_ARM64                     : loaded 2 times (x 78B)
Class org.jetbrains.kotlin.gradle.artifacts.KotlinNativeHostSpecificMetadataArtifactKt$KotlinNativeHostSpecificMetadataArtifact$1: loaded 2 times (x 74B)
Class org.jetbrains.kotlin.gradle.plugin.mpp.compilationImpl.KotlinCompilationSideEffect$Companion: loaded 2 times (x 71B)
Class org.jetbrains.kotlin.gradle.plugin.mpp.KotlinUsages$KotlinMetadataDisambiguation: loaded 2 times (x 76B)
Class org.jetbrains.kotlin.gradle.internal.properties.PropertiesBuildService$IntGradleProperty: loaded 2 times (x 76B)
Class com.google.common.collect.RegularImmutableMap                                   : loaded 2 times (x 121B)
Class com.google.common.collect.ImmutableMap$MapViewOfValuesAsSingletonSets           : loaded 2 times (x 126B)
Class jdk.internal.jimage.decompressor.StringSharingDecompressorFactory               : loaded 2 times (x 74B)
Class org.jetbrains.kotlin.gradle.plugin.KotlinProjectSetupActionKt$KotlinProjectSetupCoroutine$1$1: loaded 2 times (x 95B)
Class org.jetbrains.kotlin.konan.target.KonanTarget$WATCHOS_ARM32                     : loaded 2 times (x 78B)
Class org.jetbrains.kotlin.gradle.targets.js.dsl.KotlinJsTargetDsl                    : loaded 2 times (x 70B)
Class org.jetbrains.kotlin.gradle.plugin.KotlinPluginLifecycleImplKt                  : loaded 2 times (x 71B)
Class org.jetbrains.kotlin.gradle.plugin.diagnostics.checkers.DeprecatedKotlinNativeTargetsChecker$runChecks$1: loaded 2 times (x 88B)
Class org.jetbrains.kotlin.gradle.plugin.KotlinPluginLifecycleImpl$WhenMappings       : loaded 2 times (x 71B)
Class org.jetbrains.kotlin.gradle.dsl.KotlinCommonCompilerToolOptionsHelper           : loaded 2 times (x 71B)
Class org.jetbrains.kotlin.gradle.plugin.KotlinTargetComponent                        : loaded 2 times (x 70B)
Class org.jetbrains.kotlin.gradle.plugin.KotlinGradlePluginExtensionPointInternal     : loaded 2 times (x 76B)
Class org.jetbrains.kotlin.statistics.metrics.StringOverridePolicy$OVERRIDE_VERSION_IF_NOT_SET: loaded 2 times (x 85B)
Class org.jetbrains.kotlin.gradle.plugin.statistics.KotlinBuildStatsBeanService$Companion$initStatsService$1: loaded 2 times (x 79B)
Class org.jetbrains.kotlin.gradle.plugin.VariantImplementationFactories$Companion$getProvider$1: loaded 2 times (x 75B)
Class org.jetbrains.kotlin.gradle.internal.properties.PropertiesBuildService$BooleanGradleProperty: loaded 2 times (x 76B)
Class org.jetbrains.kotlin.gradle.dsl.KotlinProjectExtension                          : loaded 2 times (x 122B)
Class [Lorg.objectweb.asm.Symbol;                                                     : loaded 2 times (x 69B)
Class org.objectweb.asm.ClassVisitor                                                  : loaded 2 times (x 88B)
Class com.google.common.collect.UnmodifiableListIterator                              : loaded 2 times (x 95B)
Class org.jetbrains.kotlin.gradle.plugin.sources.DefaultKotlinSourceSet$MetadataDependencyTransformation: loaded 2 times (x 72B)
Class org.jetbrains.kotlin.gradle.tasks.DefaultKotlinJavaToolchain$Companion          : loaded 2 times (x 71B)
Class org.jetbrains.kotlin.gradle.tasks.DefaultKotlinJavaToolchain                    : loaded 2 times (x 77B)
Class org.jetbrains.kotlin.gradle.targets.native.toolchain.KotlinNativeBundleBuildService$Parameters: loaded 2 times (x 70B)
Class org.jetbrains.kotlin.gradle.targets.native.toolchain.KotlinNativeBundleBuildService: loaded 2 times (x 77B)
Class org.jetbrains.kotlin.gradle.plugin.KotlinGradleBuildServices                    : loaded 2 times (x 80B)
Class [Lorg.jetbrains.kotlin.statistics.ValueAnonymizer;                              : loaded 2 times (x 69B)
Class org.jetbrains.kotlin.gradle.internal.properties.PropertiesBuildService$MemoizedCallable$value$2: loaded 2 times (x 79B)
Class org.objectweb.asm.MethodTooLargeException                                       : loaded 2 times (x 83B)
Class [Lcom.google.common.cache.CacheBuilder$OneWeigher;                              : loaded 2 times (x 69B)
Class com.google.common.base.Suppliers                                                : loaded 2 times (x 71B)
Class org.gradle.internal.classloader.DefaultClassLoaderFactory                       : loaded 2 times (x 82B)
Class org.jetbrains.kotlin.gradle.plugin.KotlinTargetWithTests                        : loaded 2 times (x 70B)
Class org.jetbrains.kotlin.gradle.plugin.diagnostics.ToolingDiagnosticRenderingOptions: loaded 2 times (x 72B)
Class [Lorg.jetbrains.kotlin.gradle.dsl.KotlinVersion;                                : loaded 2 times (x 69B)
Class org.jetbrains.kotlin.gradle.plugin.diagnostics.checkers.JsEnvironmentChecker    : loaded 2 times (x 76B)
Class org.jetbrains.kotlin.gradle.targets.js.npm.NpmDependencyExtensionKt             : loaded 2 times (x 71B)
Class org.jetbrains.kotlin.gradle.plugin.diagnostics.UsesKotlinToolingDiagnosticsParameters: loaded 2 times (x 70B)
Class org.jetbrains.kotlin.gradle.report.BuildMetricsService                          : loaded 2 times (x 86B)
Class org.jetbrains.kotlin.statistics.metrics.NumberAnonymizationPolicy               : loaded 2 times (x 85B)
Class org.jetbrains.kotlin.statistics.metrics.StringAnonymizationPolicy               : loaded 2 times (x 78B)
Class org.gradle.internal.classloader.ClassLoaderVisitor                              : loaded 2 times (x 76B)
Class org.jetbrains.kotlin.gradle.plugin.KotlinPluginLifecycleKt$await$1              : loaded 2 times (x 88B)
Class [Lorg.jetbrains.kotlin.gradle.plugin.KotlinCompilation;                         : loaded 2 times (x 69B)
Class org.jetbrains.kotlin.gradle.plugin.mpp.KotlinTargetComponentWithPublication     : loaded 2 times (x 70B)
Class org.jetbrains.kotlin.gradle.plugin.mpp.compilationImpl.KotlinCreateNativeCompileTasksSideEffectKt: loaded 2 times (x 71B)
Class org.jetbrains.kotlin.gradle.plugin.KotlinProjectSetupActionKt                   : loaded 2 times (x 71B)
Class org.jetbrains.kotlin.gradle.dsl.KotlinTargetContainerWithJsPresetFunctions      : loaded 2 times (x 70B)
Class org.jetbrains.kotlin.gradle.report.ReportingSettings$Companion                  : loaded 2 times (x 71B)
Class org.jetbrains.kotlin.gradle.report.ConfigureReporingKt                          : loaded 2 times (x 71B)
Class org.jetbrains.kotlin.tooling.core.TypeUtils                                     : loaded 2 times (x 71B)
Class [Lcom.google.common.collect.ImmutableMapEntry;                                  : loaded 2 times (x 69B)
Class org.gradle.api.internal.classpath.EffectiveClassPath                            : loaded 2 times (x 90B)
Class org.jetbrains.kotlin.konan.target.KonanTarget$ANDROID_ARM32                     : loaded 2 times (x 78B)
Class org.jetbrains.kotlin.gradle.tasks.TasksProviderKt                               : loaded 2 times (x 71B)
Class org.jetbrains.kotlin.gradle.plugin.diagnostics.ToolingDiagnostic                : loaded 2 times (x 72B)
Class org.jetbrains.kotlin.gradle.plugin.sources.DefaultKotlinSourceSetFactory        : loaded 2 times (x 80B)
Class com.google.common.collect.ListMultimap                                          : loaded 2 times (x 70B)
Class com.google.common.collect.ImmutableEnumMap                                      : loaded 2 times (x 126B)
Class com.google.common.collect.Iterators$EmptyModifiableIterator                     : loaded 2 times (x 86B)
Class org.jetbrains.kotlin.gradle.plugin.diagnostics.checkers.AndroidPluginWithoutAndroidTargetChecker$runChecks$1: loaded 2 times (x 88B)
Class org.jetbrains.kotlin.gradle.plugin.diagnostics.checkers.AndroidSourceSetLayoutV1SourceSetsNotFoundChecker$runChecks$1: loaded 2 times (x 88B)
Class org.jetbrains.kotlin.gradle.plugin.diagnostics.KotlinGradleProjectCheckersRunnerKt$launchKotlinGradleProjectCheckers$1$1: loaded 2 times (x 95B)
Class org.jetbrains.kotlin.konan.target.KonanTarget                                   : loaded 2 times (x 78B)
Class org.jetbrains.kotlin.gradle.targets.CreateDefaultTestRunSideEffectKt            : loaded 2 times (x 71B)
Class org.jetbrains.kotlin.gradle.utils.ProviderApiUtilsKt$mapOrNull$1                : loaded 2 times (x 75B)
Class org.jetbrains.kotlin.gradle.targets.native.toolchain.KotlinNativeBundleBuildService$Companion$registerIfAbsent$1: loaded 2 times (x 75B)
Class org.jetbrains.kotlin.statistics.metrics.BooleanAnonymizationPolicy              : loaded 2 times (x 85B)
Class org.jetbrains.kotlin.statistics.metrics.BooleanOverridePolicy$OVERRIDE          : loaded 2 times (x 85B)
Class org.jetbrains.kotlin.gradle.plugin.PropertiesProvider$kotlinExperimentalTryNext$1: loaded 2 times (x 75B)
Class org.jetbrains.kotlin.gradle.plugin.VariantImplementationFactoriesConfigurator$Companion$getProvider$1: loaded 2 times (x 74B)
Class com.google.common.collect.Sets$1                                                : loaded 2 times (x 139B)
Class org.objectweb.asm.AnnotationVisitor                                             : loaded 2 times (x 78B)
Class org.gradle.api.internal.DefaultClassPathProvider                                : loaded 2 times (x 76B)
Class org.jetbrains.kotlin.gradle.plugin.KotlinPluginLifecycleCoroutineContextElement : loaded 2 times (x 84B)
Class org.jetbrains.kotlin.gradle.dsl.PlatformSourceSetConventionsChecker             : loaded 2 times (x 74B)
Class org.jetbrains.kotlin.gradle.plugin.diagnostics.checkers.KotlinSourceSetTreeDependsOnMismatchChecker: loaded 2 times (x 74B)
Class org.jetbrains.kotlin.gradle.targets.CreateDefaultCompilationsSideEffectKt       : loaded 2 times (x 71B)
Class org.jetbrains.kotlin.gradle.plugin.mpp.SyncLanguageSettingsWithKotlinExtensionSetupActionKt: loaded 2 times (x 71B)
Class org.jetbrains.kotlin.statistics.metrics.NumericalMetrics                        : loaded 2 times (x 80B)
Class org.jetbrains.kotlin.gradle.plugin.VariantImplementationFactories$Companion$getProvider$2$1: loaded 2 times (x 79B)
Class com.google.common.collect.Sets$2                                                : loaded 2 times (x 139B)
Class [Lorg.gradle.api.internal.ClassPathProvider;                                    : loaded 2 times (x 69B)
Class org.gradle.api.internal.ClassPathProvider                                       : loaded 2 times (x 70B)
Class jdk.internal.jrtfs.SystemImage                                                  : loaded 2 times (x 74B)
Class org.jetbrains.kotlin.konan.target.HostManager$targetValues$2                    : loaded 2 times (x 78B)
Class org.jetbrains.kotlin.gradle.plugin.diagnostics.checkers.UnusedSourceSetsChecker$runChecks$1: loaded 2 times (x 88B)
Class [Lorg.jetbrains.kotlin.konan.target.Family;                                     : loaded 2 times (x 69B)
Class org.jetbrains.kotlin.gradle.targets.js.npm.PeerNpmDependencyExtension           : loaded 2 times (x 70B)
Class org.jetbrains.kotlin.gradle.dsl.AndroidMainSourceSetConventionsChecker          : loaded 2 times (x 74B)
Class org.jetbrains.kotlin.gradle.plugin.diagnostics.checkers.WasmJsEnvironmentChecker$1: loaded 2 times (x 78B)
Class org.jetbrains.kotlin.gradle.targets.js.npm.NpmDependencyExtensionKt$AddNpmDependencyExtensionProjectSetupAction$1: loaded 2 times (x 74B)
Class org.jetbrains.kotlin.build.report.metrics.GradleBuildPerformanceMetric          : loaded 2 times (x 97B)
Class org.jetbrains.kotlin.gradle.internal.properties.PropertiesBuildService$NullableBooleanGradleProperty: loaded 2 times (x 76B)
Class [Lorg.objectweb.asm.AnnotationVisitor;                                          : loaded 2 times (x 69B)
Class com.google.common.collect.Sets$3                                                : loaded 2 times (x 139B)
Class com.google.common.cache.LocalCache$LocalLoadingCache                            : loaded 2 times (x 134B)
Class org.gradle.internal.service.UnknownServiceException                             : loaded 2 times (x 83B)
Class org.jetbrains.kotlin.gradle.plugin.diagnostics.checkers.ComposePluginSuggestApplyChecker$runChecks$1: loaded 2 times (x 88B)
Class org.jetbrains.kotlin.konan.target.KonanTarget$TVOS_ARM64                        : loaded 2 times (x 78B)
Class org.jetbrains.kotlin.gradle.targets.js.npm.DefaultPeerNpmDependencyExtension    : loaded 2 times (x 141B)
Class org.jetbrains.kotlin.gradle.plugin.KotlinPluginLifecycleKt                      : loaded 2 times (x 71B)
Class org.jetbrains.kotlin.gradle.plugin.diagnostics.checkers.WasmJsEnvironmentChecker$2: loaded 2 times (x 78B)
Class org.jetbrains.kotlin.gradle.plugin.mpp.AbstractKotlinTarget                     : loaded 2 times (x 150B)
Class org.jetbrains.kotlin.gradle.internal.properties.NativePropertiesLoader$kotlinNativeVersion$1: loaded 2 times (x 75B)
Class org.jetbrains.kotlin.gradle.plugin.VariantImplementationFactoriesConfigurator$Inject: loaded 2 times (x 96B)
Class org.jetbrains.kotlin.gradle.dsl.KotlinSingleTargetExtension                     : loaded 2 times (x 124B)
Class com.google.common.collect.Sets$4                                                : loaded 2 times (x 139B)
Class org.objectweb.asm.ModuleVisitor                                                 : loaded 2 times (x 81B)
Class com.google.common.cache.LocalCache$Strength$1                                   : loaded 2 times (x 81B)
Class org.jetbrains.kotlin.gradle.internal.properties.PropertiesBuildServiceKt$propertyWithDeprecatedName$1: loaded 2 times (x 75B)
Class org.jetbrains.kotlin.gradle.targets.js.npm.NpmDependencyExtension               : loaded 2 times (x 70B)
Class org.jetbrains.kotlin.gradle.plugin.LanguageSettingsBuilder                      : loaded 2 times (x 70B)
Class org.jetbrains.kotlin.gradle.plugin.diagnostics.checkers.WasmWasiEnvironmentChecker: loaded 2 times (x 76B)
Class org.jetbrains.kotlin.gradle.plugin.diagnostics.checkers.WasmJsEnvironmentChecker$3: loaded 2 times (x 78B)
Class org.jetbrains.kotlin.gradle.targets.ConfigureBuildSideEffectKt                  : loaded 2 times (x 71B)
Class org.jetbrains.kotlin.gradle.plugin.BuildEventsListenerRegistryHolder$Companion  : loaded 2 times (x 71B)
Class [Lorg.jetbrains.kotlin.statistics.metrics.StringMetrics;                        : loaded 2 times (x 69B)
Class org.jetbrains.kotlin.gradle.internal.properties.PropertiesBuildService$Inject   : loaded 2 times (x 96B)
Class com.google.common.util.concurrent.SettableFuture                                : loaded 2 times (x 114B)
Class com.google.common.cache.LocalCache$Strength$2                                   : loaded 2 times (x 81B)
Class org.jetbrains.kotlin.gradle.internal.StdlibDependencyManagementKt$configureStdlibVersionAlignment$1: loaded 2 times (x 75B)
Class org.jetbrains.kotlin.gradle.plugin.diagnostics.checkers.OverriddenKotlinNativeHomeChecker$allKonanMainSubdirectoriesExist$1$1: loaded 2 times (x 75B)
Class org.jetbrains.kotlin.gradle.dsl.PlatformSourceSetConventionsChecker$CheckedPlatformInfo: loaded 2 times (x 72B)
Class org.jetbrains.kotlin.gradle.plugin.diagnostics.checkers.WasmJsEnvironmentChecker$4: loaded 2 times (x 78B)
Class org.jetbrains.kotlin.gradle.plugin.mpp.KotlinUsages$KotlinCinteropDisambiguation: loaded 2 times (x 76B)
Class org.jetbrains.kotlin.gradle.plugin.KotlinPluginInMultipleProjectsHolder         : loaded 2 times (x 72B)
Class org.jetbrains.kotlin.gradle.report.BuildReportType$Companion                    : loaded 2 times (x 71B)
Class com.google.common.cache.LocalCache$Strength$3                                   : loaded 2 times (x 81B)
Class com.google.common.collect.MapDifference                                         : loaded 2 times (x 70B)
Class org.jetbrains.kotlin.gradle.plugin.sources.FragmentConsistencyChecks$optInAnnotationsCheck$1: loaded 2 times (x 79B)
Class org.jetbrains.kotlin.gradle.plugin.mpp.AbstractKotlinCompilationToRunnableFiles : loaded 2 times (x 196B)
Class org.jetbrains.kotlin.gradle.artifacts.KotlinMetadataArtifactKt$KotlinMetadataArtifact$1: loaded 2 times (x 74B)
Class org.jetbrains.kotlin.gradle.plugin.mpp.KotlinUsages$KotlinMetadataCompatibility : loaded 2 times (x 76B)
Class [Lorg.jetbrains.kotlin.gradle.dsl.JvmTarget;                                    : loaded 2 times (x 69B)
Class org.jetbrains.kotlin.gradle.utils.ConfigurationsKt$maybeCreateResolvable$1      : loaded 2 times (x 78B)
Class org.jetbrains.kotlin.gradle.plugin.StatisticsBuildFlowManager$Companion         : loaded 2 times (x 71B)
Class org.jetbrains.kotlin.statistics.metrics.StringMetrics$Companion                 : loaded 2 times (x 71B)
Class org.jetbrains.kotlin.gradle.internal.properties.PropertiesBuildService$property$1$1: loaded 2 times (x 75B)
Class org.jetbrains.kotlin.tooling.core.Extras$Type                                   : loaded 2 times (x 72B)
Class org.objectweb.asm.FieldWriter                                                   : loaded 2 times (x 78B)
Class com.google.common.cache.CacheBuilder$NullListener                               : loaded 2 times (x 82B)
Class org.gradle.internal.classpath.TransformedClassPath                              : loaded 2 times (x 96B)
Class org.gradle.internal.classloader.InstrumentingClassLoader                        : loaded 2 times (x 70B)
Class jdk.internal.jrtfs.SystemImage$1                                                : loaded 2 times (x 78B)
Class org.jetbrains.kotlin.gradle.plugin.sources.FragmentConsistencyChecks$optInAnnotationsCheck$2: loaded 2 times (x 78B)
Class org.jetbrains.kotlin.gradle.targets.NativeForwardImplementationToApiElementsSideEffectKt$special$$inlined$KotlinTargetSideEffect$1: loaded 2 times (x 74B)
Class org.jetbrains.kotlin.gradle.plugin.BuildFinishedListenerService$Companion       : loaded 2 times (x 71B)
Class org.jetbrains.kotlin.gradle.plugin.BuildFinishedListenerService                 : loaded 2 times (x 80B)
Class com.google.common.cache.CacheLoader$FunctionToCacheLoader                       : loaded 2 times (x 75B)
Class com.google.common.collect.Iterators$ArrayItr                                    : loaded 2 times (x 97B)
Class com.google.common.collect.ImmutableCollection$Builder                           : loaded 2 times (x 76B)
Class jdk.internal.jrtfs.SystemImage$2                                                : loaded 2 times (x 76B)
Class org.jetbrains.kotlin.gradle.plugin.diagnostics.checkers.OverriddenKotlinNativeHomeChecker$allKonanMainSubdirectoriesExist$1: loaded 2 times (x 75B)
Class org.jetbrains.kotlin.gradle.plugin.AbstractKotlinPlugin$Companion               : loaded 2 times (x 71B)
Class org.jetbrains.kotlin.gradle.plugin.KotlinSourceSetTree                          : loaded 2 times (x 72B)
Class org.jetbrains.kotlin.gradle.plugin.KotlinPluginLifecycle$Stage                  : loaded 2 times (x 79B)
Class org.jetbrains.kotlin.gradle.plugin.mpp.compilationImpl.KotlinCreateResourcesTaskSideEffectKt$KotlinCreateResourcesTaskSideEffect$1: loaded 2 times (x 74B)
Class org.jetbrains.kotlin.gradle.plugin.sources.KotlinSourceSetFactory               : loaded 2 times (x 80B)
Class org.jetbrains.kotlin.gradle.targets.native.toolchain.KotlinNativeBundleBuildService$Parameters_Decorated: loaded 2 times (x 143B)
Class org.jetbrains.kotlin.gradle.internal.ClassLoadersCachingBuildService$Companion  : loaded 2 times (x 71B)
Class com.google.common.base.Joiner                                                   : loaded 2 times (x 79B)
Class com.google.common.base.MoreObjects                                              : loaded 2 times (x 71B)
Class org.jetbrains.kotlin.gradle.plugin.diagnostics.checkers.OverriddenKotlinNativeHomeChecker$StdlibExistenceCheckerValueSource: loaded 2 times (x 78B)
Class org.jetbrains.kotlin.build.report.metrics.GradleBuildTime                       : loaded 2 times (x 88B)
Class org.jetbrains.kotlin.gradle.utils.IsolatedKotlinClasspathClassCastException     : loaded 2 times (x 82B)
Class com.google.common.collect.Platform                                              : loaded 2 times (x 71B)
Class [Lorg.objectweb.asm.Type;                                                       : loaded 2 times (x 69B)
Class com.google.common.collect.UnmodifiableIterator                                  : loaded 2 times (x 80B)
Class org.jetbrains.kotlin.utils.CollectionsKt                                        : loaded 2 times (x 71B)
Class org.gradle.internal.service.ServiceLocator                                      : loaded 2 times (x 70B)
Class jdk.internal.jrtfs.JrtFileSystemProvider                                        : loaded 2 times (x 101B)
Class [Lorg.jetbrains.kotlin.konan.target.KonanTarget;                                : loaded 2 times (x 69B)
Class org.jetbrains.kotlin.gradle.plugin.diagnostics.checkers.WasmSourceSetsNotFoundChecker: loaded 2 times (x 74B)
Class org.jetbrains.kotlin.gradle.plugin.diagnostics.checkers.AndroidSourceSetLayoutV1SourceSetsNotFoundChecker$androidSourceSetRegex$2: loaded 2 times (x 78B)
Class org.jetbrains.kotlin.gradle.plugin.statistics.KotlinBuildStatsLoggerService$Companion: loaded 2 times (x 71B)
Class com.google.common.base.Ascii                                                    : loaded 2 times (x 71B)
Class com.google.common.collect.SingletonImmutableBiMap                               : loaded 2 times (x 143B)
Class com.google.common.cache.LocalCache$1                                            : loaded 2 times (x 89B)
Class com.google.common.collect.Iterators$SingletonIterator                           : loaded 2 times (x 81B)
Class com.google.common.collect.AbstractMapEntry                                      : loaded 2 times (x 81B)
Class org.jetbrains.kotlin.gradle.plugin.KotlinTargetPreset                           : loaded 2 times (x 70B)
Class org.jetbrains.kotlin.gradle.plugin.diagnostics.checkers.KotlinTargetAlreadyDeclaredChecker: loaded 2 times (x 74B)
Class org.jetbrains.kotlin.gradle.plugin.mpp.compilationImpl.KotlinCompilationProcessorSideEffectKt: loaded 2 times (x 71B)
Class org.jetbrains.kotlin.gradle.utils.FileUtilsKt$localProperties$1                 : loaded 2 times (x 75B)
Class org.jetbrains.kotlin.gradle.dsl.HasConfigurableKotlinCompilerOptions            : loaded 2 times (x 70B)
Class com.google.common.collect.AbstractMultimap                                      : loaded 2 times (x 123B)
Class com.google.common.cache.LocalCache$2                                            : loaded 2 times (x 142B)
Class org.jetbrains.kotlin.gradle.plugin.mpp.HasBinaries                              : loaded 2 times (x 70B)
Class org.jetbrains.kotlin.gradle.dsl.KotlinCommonOptions                             : loaded 2 times (x 70B)
Class org.jetbrains.kotlin.gradle.plugin.mpp.compilationImpl.KotlinCreateSourcesJarTaskSideEffectKt: loaded 2 times (x 71B)
Class org.jetbrains.kotlin.gradle.dsl.KotlinJvmProjectExtension                       : loaded 2 times (x 147B)
Class org.jetbrains.kotlin.gradle.plugin.KotlinGradlePluginExtensionPointInternalKt   : loaded 2 times (x 71B)
Class org.jetbrains.kotlin.gradle.targets.native.toolchain.UsesKotlinNativeBundleBuildService: loaded 2 times (x 70B)
Class org.jetbrains.kotlin.gradle.plugin.KotlinCompilerArgumentsProducer              : loaded 2 times (x 70B)
Class org.jetbrains.kotlin.build.report.metrics.ValueType                             : loaded 2 times (x 79B)
Class com.google.common.collect.RegularImmutableAsList                                : loaded 2 times (x 217B)
Class org.jetbrains.kotlin.gradle.targets.js.npm.NpmDependencyExtensionDelegate       : loaded 2 times (x 167B)
Class org.jetbrains.kotlin.gradle.plugin.sources.FragmentConsistencyChecker           : loaded 2 times (x 72B)
Class org.jetbrains.kotlin.gradle.dsl.DefaultToolchainSupport_Decorated               : loaded 2 times (x 124B)
Class org.jetbrains.kotlin.gradle.internal.properties.NativePropertiesLoader$jvmArgs$1: loaded 2 times (x 75B)
Class org.jetbrains.kotlin.gradle.report.BuildMetricsService$Companion                : loaded 2 times (x 71B)
Class org.jetbrains.kotlin.gradle.tasks.KotlinCompileTool                             : loaded 2 times (x 70B)
Class org.jetbrains.kotlin.gradle.plugin.VariantImplementationFactories$Parameters_Decorated: loaded 2 times (x 134B)
Class org.jetbrains.kotlin.gradle.plugin.PropertiesProvider$PropertyNames             : loaded 2 times (x 71B)
Class org.jetbrains.kotlin.gradle.utils.SingleAction$PerformedActions                 : loaded 2 times (x 72B)
Class org.jetbrains.kotlin.gradle.utils.GradleUtilsKt                                 : loaded 2 times (x 71B)
Class org.jetbrains.kotlin.gradle.plugin.HasProject                                   : loaded 2 times (x 70B)
Class com.google.common.util.concurrent.AbstractFuture$Trusted                        : loaded 2 times (x 70B)
Class com.google.common.collect.Iterators                                             : loaded 2 times (x 71B)
Class jdk.internal.jimage.ImageLocation                                               : loaded 2 times (x 90B)
Class jdk.internal.jrtfs.JrtDirectoryStream$1                                         : loaded 2 times (x 83B)
Class org.jetbrains.kotlin.gradle.internal.KotlinDependenciesManagementKt$CustomizeKotlinDependenciesSetupAction$1$coreLibrariesVersion$1: loaded 2 times (x 79B)
Class org.jetbrains.kotlin.gradle.plugin.diagnostics.checkers.CInteropInputChecker$runChecks$1: loaded 2 times (x 88B)
Class org.jetbrains.kotlin.gradle.ExperimentalKotlinGradlePluginApi                   : loaded 2 times (x 70B)
Class org.jetbrains.kotlin.gradle.internal.properties.NativePropertiesLoader          : loaded 2 times (x 85B)
Class [Lorg.jetbrains.kotlin.build.report.metrics.BuildTime;                          : loaded 2 times (x 69B)
Class org.jetbrains.kotlin.statistics.metrics.NumberAnonymizationPolicy$SAFE          : loaded 2 times (x 85B)
Class org.jetbrains.kotlin.gradle.plugin.statistics.BuildFusService                   : loaded 2 times (x 84B)
Class com.google.common.collect.Lists$StringAsImmutableList                           : loaded 2 times (x 207B)
Class com.google.common.util.concurrent.UncheckedExecutionException                   : loaded 2 times (x 82B)
Class org.jetbrains.kotlin.gradle.plugin.diagnostics.CheckKotlinGradlePluginConfigurationErrorsKt: loaded 2 times (x 71B)
Class org.jetbrains.kotlin.gradle.targets.js.npm.NpmDependencyExtensionKt$AddNpmDependencyExtensionProjectSetupAction$1$WhenMappings: loaded 2 times (x 71B)
Class org.jetbrains.kotlin.gradle.plugin.mpp.KotlinJvmAndroidCompilation              : loaded 2 times (x 198B)
Class org.jetbrains.kotlin.gradle.targets.CreateDefaultCompilationsSideEffectKt$CreateDefaultCompilationsSideEffect$1: loaded 2 times (x 74B)
Class org.jetbrains.kotlin.gradle.targets.native.internal.AddKotlinPlatformIntegersSupportLibraryKt$AddKotlinPlatformIntegersSupportLibrary$1: loaded 2 times (x 95B)
Class org.jetbrains.kotlin.gradle.plugin.mpp.ApplyUserDefinedAttributesKt             : loaded 2 times (x 71B)
Class org.jetbrains.kotlin.gradle.utils.FutureImpl                                    : loaded 2 times (x 80B)
Class org.jetbrains.kotlin.gradle.internal.properties.NativePropertiesLoader$isToolchainEnabled$1: loaded 2 times (x 75B)
Class [Lorg.jetbrains.kotlin.statistics.metrics.NumericalMetrics;                     : loaded 2 times (x 69B)
Class org.gradle.internal.InternalTransformer                                         : loaded 2 times (x 70B)
Class jdk.internal.jimage.ImageBufferCache$1                                          : loaded 2 times (x 83B)
Class org.jetbrains.kotlin.gradle.internal.KotlinDomApiDependencyManagementKt$configureKotlinDomApiDefaultDependency$1: loaded 2 times (x 79B)
Class org.jetbrains.kotlin.gradle.targets.js.npm.DefaultDevNpmDependencyExtension     : loaded 2 times (x 145B)
Class [Lorg.jetbrains.kotlin.gradle.plugin.HasKotlinDependencies;                     : loaded 2 times (x 69B)
Class org.jetbrains.kotlin.gradle.tasks.DefaultKotlinJavaToolchain$Companion$wireJvmTargetToToolchain$1: loaded 2 times (x 75B)
Class org.jetbrains.kotlin.gradle.plugin.diagnostics.checkers.JsLikeEnvironmentChecker: loaded 2 times (x 76B)
Class org.jetbrains.kotlin.gradle.plugin.KotlinPlatformType                           : loaded 2 times (x 82B)
Class org.jetbrains.kotlin.gradle.plugin.KotlinGradleBuildServices$Companion          : loaded 2 times (x 71B)
Class org.jetbrains.kotlin.gradle.internal.properties.PropertiesBuildServiceKt        : loaded 2 times (x 71B)
Class org.objectweb.asm.ClassWriter                                                   : loaded 2 times (x 106B)
Class com.google.common.cache.CacheLoader$UnsupportedLoadingOperationException        : loaded 2 times (x 82B)
Class com.google.common.base.CharMatcher$And                                          : loaded 2 times (x 112B)
Class org.gradle.internal.classloader.ClasspathUtil$1                                 : loaded 2 times (x 76B)
Class jdk.internal.jimage.ImageBufferCache$2                                          : loaded 2 times (x 91B)
Class com.google.common.collect.AbstractMapBasedMultimap$Itr                          : loaded 2 times (x 83B)
Class org.jetbrains.kotlin.gradle.plugin.diagnostics.ToolingDiagnosticRenderingOptions$Companion: loaded 2 times (x 71B)
Class org.jetbrains.kotlin.gradle.dsl.KotlinJvmCompilerOptionsHelper                  : loaded 2 times (x 71B)
Class org.jetbrains.kotlin.gradle.tasks.DefaultKotlinJavaToolchain$Companion$wireJvmTargetToToolchain$2: loaded 2 times (x 75B)
Class org.jetbrains.kotlin.gradle.plugin.ProjectLocalConfigurations$ProjectLocalDisambiguation: loaded 2 times (x 76B)
Class org.jetbrains.kotlin.gradle.plugin.mpp.apple.swiftexport.internal.SwiftExportInitKt: loaded 2 times (x 71B)
Class org.jetbrains.kotlin.gradle.internal.properties.PropertiesBuildService$NullableStringGradleProperty: loaded 2 times (x 76B)
Class org.jetbrains.kotlin.gradle.plugin.KotlinGradleBuildServices$detectKotlinPluginLoadedInMultipleProjects$onRegister$1$1: loaded 2 times (x 75B)
Class org.jetbrains.kotlin.gradle.plugin.internal.ConfigurationCacheStartParameterAccessor$Factory: loaded 2 times (x 70B)
Class org.objectweb.asm.FieldVisitor                                                  : loaded 2 times (x 77B)
Class com.google.common.collect.IndexedImmutableSet                                   : loaded 2 times (x 152B)
Class com.google.common.collect.ImmutableMap$1                                        : loaded 2 times (x 81B)
Class com.google.common.collect.BiMap                                                 : loaded 2 times (x 70B)
Class org.gradle.api.internal.classpath.DefaultModuleRegistry$DefaultModule           : loaded 2 times (x 86B)
Class org.jetbrains.kotlin.gradle.plugin.diagnostics.checkers.WasmSourceSetsNotFoundChecker$wasmSourceSetRegex$2: loaded 2 times (x 78B)
Class org.jetbrains.kotlin.gradle.plugin.mpp.compilationImpl.KotlinCompilationSideEffect: loaded 2 times (x 70B)
Class org.jetbrains.kotlin.gradle.plugin.KotlinGradlePluginExtensionPoint             : loaded 2 times (x 70B)
Class org.jetbrains.kotlin.tooling.core.ExtrasUtilsKt                                 : loaded 2 times (x 71B)
Class org.jetbrains.kotlin.buildtools.api.ExperimentalBuildToolsApi                   : loaded 2 times (x 70B)
Class org.jetbrains.kotlin.gradle.utils.ResourceUtilsKt                               : loaded 2 times (x 71B)
Class org.jetbrains.kotlin.gradle.plugin.KotlinPluginWrapperKt$kotlinPluginVersionFromResources$1: loaded 2 times (x 78B)
Class com.google.common.primitives.Ints                                               : loaded 2 times (x 71B)
Class com.google.common.collect.AbstractIterator                                      : loaded 2 times (x 82B)
Class org.jetbrains.kotlin.gradle.plugin.diagnostics.CheckKotlinGradlePluginConfigurationErrorsKt$addDependsOnFromTasksThatShouldFailWhenErrorsReported$1: loaded 2 times (x 75B)
Class org.jetbrains.kotlin.konan.target.KonanTarget$TVOS_X64                          : loaded 2 times (x 78B)
Class org.jetbrains.kotlin.gradle.plugin.diagnostics.KotlinToolingDiagnosticsSetupActionKt: loaded 2 times (x 71B)
Class org.jetbrains.kotlin.gradle.plugin.KotlinGradleBuildServices$Parameters$Inject  : loaded 2 times (x 106B)
Class org.jetbrains.kotlin.gradle.plugin.KotlinPluginWrapperKt$kotlinPluginVersionFromResources$1$1: loaded 2 times (x 71B)
Class com.google.common.collect.ObjectArrays                                          : loaded 2 times (x 71B)
Class com.google.common.collect.Multiset                                              : loaded 2 times (x 70B)
Class com.google.common.collect.ArrayListMultimapGwtSerializationDependencies         : loaded 2 times (x 172B)
Class com.google.common.collect.AbstractIndexedListIterator                           : loaded 2 times (x 96B)
Class com.google.common.math.MathPreconditions                                        : loaded 2 times (x 71B)
Class org.jetbrains.kotlin.gradle.internal.Kapt3GradleSubplugin$Kapt3SubpluginContext : loaded 2 times (x 72B)
Class org.jetbrains.kotlin.gradle.artifacts.KotlinTargetArtifact                      : loaded 2 times (x 70B)
Class org.jetbrains.kotlin.gradle.dsl.KotlinJvmCompilerOptionsDefault_Decorated       : loaded 2 times (x 171B)
Class org.jetbrains.kotlin.gradle.plugin.HasKotlinDependencies                        : loaded 2 times (x 70B)
Class org.jetbrains.kotlin.gradle.targets.native.toolchain.KotlinNativeBundleBuildService$Companion: loaded 2 times (x 71B)
Class org.jetbrains.kotlin.gradle.plugin.BuildEventsListenerRegistryHolder_Decorated  : loaded 2 times (x 119B)
Class org.jetbrains.kotlin.gradle.plugin.statistics.MetricContainer                   : loaded 2 times (x 72B)
Class org.jetbrains.kotlin.gradle.plugin.statistics.old.Pre232IdeaKotlinBuildStatsMXBean: loaded 2 times (x 70B)
Class org.jetbrains.kotlin.gradle.plugin.statistics.KotlinBuildStatsServicesRegistry  : loaded 2 times (x 78B)
Class org.jetbrains.kotlin.gradle.plugin.VariantImplementationFactoriesConfigurator   : loaded 2 times (x 76B)
Class com.google.common.collect.ImmutableMapEntrySet                                  : loaded 2 times (x 152B)
Class org.gradle.api.internal.classpath.Module                                        : loaded 2 times (x 70B)
Class org.jetbrains.kotlin.gradle.plugin.diagnostics.KotlinToolingDiagnosticsSetupActionKt$KotlinToolingDiagnosticsSetupAction$1$1: loaded 2 times (x 75B)
Class org.jetbrains.kotlin.gradle.targets.js.npm.NpmDirectoryDependencyWithExternalsExtension: loaded 2 times (x 70B)
Class org.jetbrains.kotlin.gradle.plugin.KotlinProjectSetupAction                     : loaded 2 times (x 70B)
Class org.jetbrains.kotlin.gradle.plugin.KotlinGradleFinishBuildHandler$Companion     : loaded 2 times (x 71B)
Class com.google.common.cache.Weigher                                                 : loaded 2 times (x 70B)
Class org.gradle.api.internal.classpath.UnknownModuleException                        : loaded 2 times (x 82B)
Class jdk.internal.jimage.ImageHeader                                                 : loaded 2 times (x 71B)
Class org.jetbrains.kotlin.gradle.plugin.diagnostics.KotlinToolingDiagnosticsSetupActionKt$KotlinToolingDiagnosticsSetupAction$1$2: loaded 2 times (x 95B)
Class org.jetbrains.kotlin.gradle.targets.js.npm.NpmDependencyWithExternalsExtension  : loaded 2 times (x 70B)
Class org.jetbrains.kotlin.gradle.plugin.mpp.KotlinUsageContext                       : loaded 2 times (x 70B)
Class org.jetbrains.kotlin.gradle.plugin.KotlinTargetsContainer                       : loaded 2 times (x 70B)
Class org.jetbrains.kotlin.compilerRunner.GradleCliCommonizerKt                       : loaded 2 times (x 71B)
Class org.jetbrains.kotlin.gradle.utils.ConfigurationsKt                              : loaded 2 times (x 71B)
Class org.jetbrains.kotlin.gradle.plugin.StatisticsBuildFlowManager                   : loaded 2 times (x 72B)
Class org.jetbrains.kotlin.gradle.plugin.statistics.BuildFusService$Parameters        : loaded 2 times (x 70B)
Class org.jetbrains.kotlin.gradle.plugin.PluginWrappersKt                             : loaded 2 times (x 71B)
Class com.google.common.base.Stopwatch                                                : loaded 2 times (x 72B)
Class com.google.common.cache.LocalCache$Strength                                     : loaded 2 times (x 81B)
Class com.google.common.cache.Cache                                                   : loaded 2 times (x 70B)
Class org.jetbrains.kotlin.gradle.plugin.diagnostics.KotlinToolingDiagnosticsSetupActionKt$KotlinToolingDiagnosticsSetupAction$1$3: loaded 2 times (x 75B)
Class org.jetbrains.kotlin.gradle.targets.js.dsl.KotlinTargetWithNodeJsDsl            : loaded 2 times (x 70B)
Class org.jetbrains.kotlin.gradle.plugin.sources.DefaultKotlinSourceSetKt$defaultSourceSetLanguageSettingsChecker$1: loaded 2 times (x 78B)
Class org.jetbrains.kotlin.gradle.plugin.sources.InternalKotlinSourceSet              : loaded 2 times (x 70B)
Class org.jetbrains.kotlin.gradle.plugin.KotlinJvmPlugin                              : loaded 2 times (x 79B)
Class org.jetbrains.kotlin.gradle.plugin.mpp.SyncLanguageSettingsWithKotlinExtensionSetupActionKt$SyncLanguageSettingsWithKotlinExtensionSetupAction$1: loaded 2 times (x 95B)
Class org.jetbrains.kotlin.gradle.dsl.KotlinGradlePluginPublicDsl                     : loaded 2 times (x 70B)
Class org.jetbrains.kotlin.gradle.internal.properties.NativeProperties                : loaded 2 times (x 70B)
Class org.jetbrains.kotlin.statistics.BuildSessionLogger                              : loaded 2 times (x 77B)
Class org.jetbrains.kotlin.gradle.plugin.internal.ConfigurationCacheStartParameterAccessor: loaded 2 times (x 70B)
Class com.google.common.util.concurrent.AbstractFuture$Cancellation                   : loaded 2 times (x 72B)
Class com.google.common.collect.ImmutableMap$Builder                                  : loaded 2 times (x 82B)
Class org.jetbrains.kotlin.konan.target.KonanTarget$IOS_ARM64                         : loaded 2 times (x 78B)
Class org.jetbrains.kotlin.gradle.targets.js.dsl.KotlinWasmTargetDsl                  : loaded 2 times (x 70B)
Class org.jetbrains.kotlin.gradle.plugin.diagnostics.checkers.DisabledCinteropCommonizationInHmppProjectChecker$runChecks$1: loaded 2 times (x 88B)
Class org.jetbrains.kotlin.gradle.plugin.sources.ConsistencyCheck                     : loaded 2 times (x 72B)
Class org.jetbrains.kotlin.gradle.plugin.sources.DefaultKotlinSourceSetKt$defaultSourceSetLanguageSettingsChecker$2: loaded 2 times (x 78B)
Class org.jetbrains.kotlin.gradle.dsl.KotlinCommonToolOptions                         : loaded 2 times (x 70B)
Class org.jetbrains.kotlin.gradle.plugin.AbstractKotlinPlugin                         : loaded 2 times (x 78B)
Class org.jetbrains.kotlin.gradle.tasks.DefaultKotlinJavaToolchain$Companion$wireJvmTargetToJvm$1: loaded 2 times (x 75B)
Class org.jetbrains.kotlin.gradle.plugin.diagnostics.checkers.ComposePluginSuggestApplyChecker: loaded 2 times (x 74B)
Class org.jetbrains.kotlin.gradle.dsl.KotlinMultiplatformExtension                    : loaded 2 times (x 607B)
Class com.google.common.cache.RemovalListener                                         : loaded 2 times (x 70B)
Class org.gradle.api.internal.DefaultClassPathRegistry                                : loaded 2 times (x 76B)
Class org.jetbrains.kotlin.gradle.targets.js.npm.DefaultPeerNpmDependencyExtension$delegate$1: loaded 2 times (x 167B)
Class org.jetbrains.kotlin.gradle.targets.js.npm.NpmDependency                        : loaded 2 times (x 97B)
Class org.jetbrains.kotlin.gradle.targets.js.npm.DefaultNpmDependencyExtension        : loaded 2 times (x 152B)
Class org.jetbrains.kotlin.gradle.targets.js.npm.NpmDependency$Scope                  : loaded 2 times (x 79B)
Class org.jetbrains.kotlin.gradle.plugin.sources.FragmentConsistencyChecks$unstableFeaturesCheck$1: loaded 2 times (x 79B)
Class org.jetbrains.kotlin.gradle.plugin.sources.DefaultKotlinSourceSet               : loaded 2 times (x 141B)
Class org.jetbrains.kotlin.gradle.plugin.diagnostics.checkers.AndroidSourceSetLayoutV1SourceSetsNotFoundChecker: loaded 2 times (x 74B)
Class org.jetbrains.kotlin.gradle.utils.ConfigurationsKt$sam$org_gradle_api_Action$0  : loaded 2 times (x 75B)
Class org.jetbrains.kotlin.gradle.plugin.VariantImplementationFactories$Parameters    : loaded 2 times (x 70B)
Class com.google.common.primitives.IntsMethodsForWeb                                  : loaded 2 times (x 71B)
Class com.google.common.collect.Multimap                                              : loaded 2 times (x 70B)
Class org.gradle.api.internal.ClassPathRegistry                                       : loaded 2 times (x 70B)
Class org.gradle.internal.classpath.DefaultClassPath$ImmutableUniqueList              : loaded 2 times (x 199B)
Class jdk.internal.jimage.decompressor.ResourceDecompressor                           : loaded 2 times (x 70B)
Class org.jetbrains.kotlin.gradle.utils.ProviderApiUtilsKt$providerWithLazyConvention$1: loaded 2 times (x 74B)
Class org.jetbrains.kotlin.konan.target.KonanTarget$Companion$predefinedTargets$2     : loaded 2 times (x 78B)
Class org.jetbrains.kotlin.gradle.plugin.sources.FragmentConsistencyChecks$unstableFeaturesCheck$2: loaded 2 times (x 78B)
Class org.jetbrains.kotlin.gradle.plugin.KotlinPluginLifecycleImpl                    : loaded 2 times (x 80B)
Class org.jetbrains.kotlin.gradle.plugin.diagnostics.KotlinToolingDiagnostics$WasmWasiEnvironmentNotChosenExplicitly: loaded 2 times (x 73B)
Class org.jetbrains.kotlin.gradle.artifacts.KotlinNativeKlibArtifactKt$KotlinNativeKlibArtifact$1: loaded 2 times (x 74B)
Class org.jetbrains.kotlin.gradle.dsl.KotlinCommonCompilerOptionsDefault              : loaded 2 times (x 96B)
Class org.jetbrains.kotlin.gradle.dsl.KotlinCommonCompilerToolOptionsDefault          : loaded 2 times (x 84B)
Class org.jetbrains.kotlin.gradle.internal.properties.NativePropertiesLoader$isUseXcodeMessageStyleEnabled$1: loaded 2 times (x 75B)
Class org.jetbrains.kotlin.gradle.plugin.statistics.KotlinBuildStatisticsUtilsKt$collectGeneralConfigurationTimeMetrics$statisticOverhead$1$2: loaded 2 times (x 75B)
Class org.jetbrains.kotlin.gradle.plugin.StatisticsBuildFlowManager_Decorated         : loaded 2 times (x 119B)
Class org.jetbrains.kotlin.gradle.report.BuildReportMode$Companion                    : loaded 2 times (x 71B)
Class org.jetbrains.kotlin.gradle.plugin.VariantImplementationFactories$VariantImplementationFactory: loaded 2 times (x 70B)
Class com.google.common.collect.RegularImmutableMap$KeySet                            : loaded 2 times (x 152B)
Class org.jetbrains.kotlin.gradle.targets.js.npm.SemVer$Companion                     : loaded 2 times (x 71B)
Class org.jetbrains.kotlin.konan.target.KonanTarget$LINUX_ARM64                       : loaded 2 times (x 78B)
Class org.jetbrains.kotlin.konan.target.KonanTarget$LINUX_X64                         : loaded 2 times (x 78B)
Class [Lorg.jetbrains.kotlin.konan.target.Architecture;                               : loaded 2 times (x 69B)
Class org.jetbrains.kotlin.gradle.targets.native.SetupEmbedAndSignAppleFrameworkTaskSideEffectKt$special$$inlined$KotlinTargetSideEffect$1: loaded 2 times (x 74B)
Class org.jetbrains.kotlin.gradle.plugin.mpp.KotlinUsages$KotlinCinteropCompatibility : loaded 2 times (x 77B)
Class org.jetbrains.kotlin.gradle.dsl.ExplicitApiMode                                 : loaded 2 times (x 79B)
Class org.jetbrains.kotlin.gradle.plugin.VariantImplementationFactories$Companion     : loaded 2 times (x 71B)
Class org.jetbrains.kotlin.gradle.plugin.internal.CustomPropertiesFileValueSource$Parameters_Decorated: loaded 2 times (x 134B)
Class org.jetbrains.kotlin.gradle.dsl.KotlinTopLevelExtensionConfig                   : loaded 2 times (x 70B)
Class com.google.common.cache.CacheBuilder                                            : loaded 2 times (x 72B)
Class com.google.common.collect.SingletonImmutableList                                : loaded 2 times (x 207B)
Class Settings_gradle$1                                                               : loaded 2 times (x 74B)
Class org.gradle.internal.classpath.ClassPath                                         : loaded 2 times (x 70B)
Class org.gradle.api.UncheckedIOException                                             : loaded 2 times (x 82B)
Class org.jetbrains.kotlin.gradle.dsl.PlatformSourceSetConventionsChecker$runChecks$1 : loaded 2 times (x 88B)
Class org.jetbrains.kotlin.gradle.plugin.mpp.compilationImpl.KotlinCompilationProcessorSideEffectKt$KotlinCompilationProcessorSideEffect$1: loaded 2 times (x 74B)
Class org.jetbrains.kotlin.gradle.dsl.KotlinJvmCompilerOptionsDefault                 : loaded 2 times (x 108B)
Class org.jetbrains.kotlin.gradle.internal.UsesClassLoadersCachingBuildService        : loaded 2 times (x 70B)
Class com.google.common.collect.ImmutableList$ReverseImmutableList                    : loaded 2 times (x 209B)
Class org.jetbrains.kotlin.gradle.internal.StdlibDependencyManagementKt               : loaded 2 times (x 71B)
Class org.jetbrains.kotlin.gradle.dsl.PlatformSourceSetConventionsChecker$runChecks$2 : loaded 2 times (x 78B)
Class org.jetbrains.kotlin.konan.target.KonanTarget$MINGW_X64                         : loaded 2 times (x 78B)
Class org.jetbrains.kotlin.gradle.utils.ObservableSet                                 : loaded 2 times (x 70B)
Class org.jetbrains.kotlin.gradle.plugin.diagnostics.KotlinToolingDiagnosticsCollectorKt: loaded 2 times (x 71B)
Class org.jetbrains.kotlin.gradle.plugin.mpp.HierarchyAttributeContainer              : loaded 2 times (x 83B)
Class org.jetbrains.kotlin.gradle.tasks.UsesKotlinJavaToolchain                       : loaded 2 times (x 70B)
Class org.jetbrains.kotlin.gradle.plugin.DefaultKotlinBasePlugin$apply$1              : loaded 2 times (x 75B)
Class org.jetbrains.kotlin.statistics.metrics.StringOverridePolicy$OVERRIDE           : loaded 2 times (x 85B)
Class org.jetbrains.kotlin.gradle.internal.properties.PropertiesBuildService$Params_Decorated: loaded 2 times (x 134B)
Class org.objectweb.asm.SymbolTable$Entry                                             : loaded 2 times (x 74B)
Class org.jetbrains.kotlin.cli.common.arguments.Freezable                             : loaded 2 times (x 72B)
Class jdk.internal.jimage.ImageStringsReader                                          : loaded 2 times (x 80B)
Class Native_plugin_loader_gradle                                                     : loaded 2 times (x 130B)
Class org.jetbrains.kotlin.konan.target.KonanTarget$ANDROID_X86                       : loaded 2 times (x 78B)
Class org.jetbrains.kotlin.gradle.dsl.PlatformSourceSetConventionsChecker$runChecks$3 : loaded 2 times (x 78B)
Class org.jetbrains.kotlin.gradle.plugin.RegisterKotlinPluginExtensionsKt             : loaded 2 times (x 71B)
Class org.jetbrains.kotlin.gradle.utils.CompilerOptionsKt$configureExperimentalTryNext$1$1: loaded 2 times (x 78B)
Class org.jetbrains.kotlin.gradle.utils.CompilerOptionsKt                             : loaded 2 times (x 71B)
Class org.jetbrains.kotlin.gradle.plugin.PropertiesProvider$Companion                 : loaded 2 times (x 71B)
Class org.jetbrains.kotlin.gradle.utils.SingleAction                                  : loaded 2 times (x 73B)
Class org.objectweb.asm.Edge                                                          : loaded 2 times (x 72B)
Class com.google.common.base.Suppliers$SupplierOfInstance                             : loaded 2 times (x 79B)
Class com.google.common.collect.Iterators$1                                           : loaded 2 times (x 81B)
Class org.jetbrains.kotlin.gradle.dsl.PlatformSourceSetConventionsChecker$runChecks$4 : loaded 2 times (x 78B)
Class org.jetbrains.kotlin.gradle.plugin.diagnostics.checkers.JsLikeEnvironmentChecker$runChecks$1: loaded 2 times (x 88B)
Class org.jetbrains.kotlin.gradle.plugin.diagnostics.KotlinToolingDiagnostics$WasmJsEnvironmentNotChosenExplicitly: loaded 2 times (x 73B)
Class org.jetbrains.kotlin.gradle.plugin.diagnostics.UsesKotlinToolingDiagnostics     : loaded 2 times (x 70B)
Class org.jetbrains.kotlin.statistics.metrics.BooleanAnonymizationPolicy$SAFE         : loaded 2 times (x 85B)
Class com.google.common.cache.LocalCache$ComputingValueReference                      : loaded 2 times (x 96B)
Class com.google.common.collect.SingletonImmutableSet                                 : loaded 2 times (x 146B)
Class com.google.common.collect.ImmutableMap$IteratorBasedImmutableMap                : loaded 2 times (x 126B)
Class jdk.internal.jimage.ImageReader                                                 : loaded 2 times (x 75B)
Class org.jetbrains.kotlin.konan.target.KonanTarget$TVOS_SIMULATOR_ARM64              : loaded 2 times (x 78B)
Class org.jetbrains.kotlin.konan.target.KonanTarget$Companion                         : loaded 2 times (x 71B)
Class org.jetbrains.kotlin.gradle.plugin.KotlinPluginLifecycle$Stage$Companion        : loaded 2 times (x 71B)
Class org.jetbrains.kotlin.gradle.plugin.diagnostics.checkers.DeprecatedKotlinNativeTargetsChecker: loaded 2 times (x 74B)
Class org.jetbrains.kotlin.gradle.targets.native.ConfigureFrameworkExportSideEffectKt$special$$inlined$KotlinTargetSideEffect$1: loaded 2 times (x 74B)
Class org.jetbrains.kotlin.tooling.core.AbstractExtras                                : loaded 2 times (x 141B)
Class com.google.common.cache.LocalCache$Segment                                      : loaded 2 times (x 154B)
Class jdk.internal.jimage.ImageReader$SharedImageReader                               : loaded 2 times (x 95B)
Class Native_plugin_loader_gradle$NativePluginLoader$Companion                        : loaded 2 times (x 71B)
Class org.jetbrains.kotlin.gradle.dsl.PlatformSourceSetConventionsChecker$runChecks$6 : loaded 2 times (x 88B)
Class org.jetbrains.kotlin.gradle.plugin.sources.DefaultKotlinSourceSet_Decorated     : loaded 2 times (x 192B)
Class org.jetbrains.kotlin.gradle.plugin.mpp.KotlinCompilationsKt                     : loaded 2 times (x 71B)
Class org.jetbrains.kotlin.statistics.metrics.StringOverridePolicy                    : loaded 2 times (x 85B)
Class org.jetbrains.kotlin.gradle.plugin.statistics.DefaultKotlinBuildStatsBeanService: loaded 2 times (x 92B)
Class org.jetbrains.kotlin.gradle.utils.GradleUtilsKt$registerClassLoaderScopedBuildService$1: loaded 2 times (x 74B)
Class com.google.common.collect.AbstractListMultimap                                  : loaded 2 times (x 172B)
Class [Lorg.objectweb.asm.SymbolTable$Entry;                                          : loaded 2 times (x 69B)
Class com.google.common.cache.CacheLoader                                             : loaded 2 times (x 74B)
Class com.google.common.collect.Iterators$4                                           : loaded 2 times (x 82B)
Class com.google.common.collect.ImmutableBiMap                                        : loaded 2 times (x 143B)
Class org.gradle.internal.installation.GradleInstallation$1                           : loaded 2 times (x 75B)
Class org.gradle.api.internal.classpath.ModuleRegistry                                : loaded 2 times (x 70B)
Class jdk.internal.jimage.decompressor.ResourceDecompressorFactory                    : loaded 2 times (x 74B)
Class org.jetbrains.kotlin.gradle.internal.KotlinDependenciesManagementKt$configureDefaultVersionsResolutionStrategy$1: loaded 2 times (x 75B)
Class org.jetbrains.kotlin.gradle.internal.StdlibDependencyManagementKt$configureStdlibDefaultDependency$1: loaded 2 times (x 79B)
Class org.jetbrains.kotlin.gradle.model.builder.KotlinModelBuilder$Companion          : loaded 2 times (x 71B)
Class org.jetbrains.kotlin.gradle.plugin.mpp.compilationImpl.KotlinCreateResourcesTaskSideEffectKt: loaded 2 times (x 71B)
Class org.jetbrains.kotlin.gradle.targets.native.internal.SetupKotlinNativePlatformDependenciesAndStdlibKt: loaded 2 times (x 71B)
Class org.jetbrains.kotlin.gradle.plugin.mpp.KotlinUsages                             : loaded 2 times (x 71B)
Class org.jetbrains.kotlin.gradle.internal.properties.NativePropertiesLoader$Companion: loaded 2 times (x 71B)
Class [Lorg.jetbrains.kotlin.build.report.metrics.GradleBuildPerformanceMetric;       : loaded 2 times (x 69B)
Class org.jetbrains.kotlin.gradle.plugin.statistics.KotlinBuildStatsBeanService$Companion: loaded 2 times (x 71B)
Class org.jetbrains.kotlin.gradle.plugin.statistics.BuildFusService$Companion         : loaded 2 times (x 71B)
Class com.google.common.util.concurrent.internal.InternalFutureFailureAccess          : loaded 2 times (x 72B)
Class com.google.common.collect.Iterators$5                                           : loaded 2 times (x 82B)
Class com.google.common.collect.ImmutableSet$JdkBackedSetBuilderImpl                  : loaded 2 times (x 76B)
Class org.jetbrains.kotlin.konan.target.KonanTarget$WATCHOS_SIMULATOR_ARM64           : loaded 2 times (x 78B)
Class org.jetbrains.kotlin.gradle.targets.js.ir.KotlinJsIrTarget                      : loaded 2 times (x 254B)
Class org.jetbrains.kotlin.gradle.plugin.mpp.DefaultKotlinUsageContext                : loaded 2 times (x 108B)
Class org.jetbrains.kotlin.gradle.plugin.KotlinPluginLifecycleImpl$start$3            : loaded 2 times (x 79B)
Class org.jetbrains.kotlin.gradle.plugin.KotlinMultiplatformPluginWrapper             : loaded 2 times (x 86B)
Class [Lorg.jetbrains.kotlin.statistics.metrics.BooleanMetrics;                       : loaded 2 times (x 69B)
Class org.jetbrains.kotlin.gradle.internal.properties.PropertiesBuildService$Companion: loaded 2 times (x 71B)
Class com.google.common.cache.LocalCache$LocalManualCache$1                           : loaded 2 times (x 75B)
Class com.google.common.base.CharMatcher$ForPredicate                                 : loaded 2 times (x 112B)
Class jdk.internal.jimage.ImageReader$Node                                            : loaded 2 times (x 84B)
Class org.jetbrains.kotlin.gradle.internal.StdlibDependencyManagementKt$addStdlibDependency$1: loaded 2 times (x 75B)
Class [Lorg.jetbrains.kotlin.gradle.plugin.KotlinPluginLifecycle$CoroutineStart;      : loaded 2 times (x 69B)
Class org.jetbrains.kotlin.gradle.dsl.IosSourceSetConventionChecker                   : loaded 2 times (x 74B)
Class org.jetbrains.kotlin.gradle.plugin.diagnostics.KotlinGradleProjectChecker       : loaded 2 times (x 70B)
Class org.jetbrains.kotlin.gradle.plugin.sources.KotlinSourceSetFactory$Companion     : loaded 2 times (x 71B)
Class com.google.common.base.Equivalence$Identity                                     : loaded 2 times (x 82B)
Class org.jetbrains.kotlin.statistics.metrics.NumberOverridePolicy$SUM                : loaded 2 times (x 85B)
Class com.google.common.base.CharMatcher$AnyOf                                        : loaded 2 times (x 112B)
Class com.google.common.collect.ImmutableCollection                                   : loaded 2 times (x 125B)
Class org.gradle.api.internal.classpath.DefaultModuleRegistry                         : loaded 2 times (x 86B)
Class jdk.internal.jimage.BasicImageReader$1                                          : loaded 2 times (x 77B)
Class org.jetbrains.kotlin.gradle.targets.native.internal.CInteropConfigurationsKt    : loaded 2 times (x 71B)
Class org.jetbrains.kotlin.gradle.plugin.statistics.BuildFusService$Parameters$Inject : loaded 2 times (x 112B)
Class org.jetbrains.kotlin.build.report.metrics.GradleBuildTime$Companion             : loaded 2 times (x 71B)
Class org.jetbrains.kotlin.statistics.metrics.StatisticsValuesConsumer                : loaded 2 times (x 70B)
Class com.google.common.collect.Lists                                                 : loaded 2 times (x 71B)
Class com.google.common.util.concurrent.ListenableFuture                              : loaded 2 times (x 70B)
Class com.google.common.cache.ReferenceEntry                                          : loaded 2 times (x 70B)
Class com.google.common.base.Converter                                                : loaded 2 times (x 90B)
Class com.google.common.collect.ImmutableSet$CachingAsList                            : loaded 2 times (x 148B)
Class org.jetbrains.kotlin.gradle.model.builder.KotlinModelBuilder                    : loaded 2 times (x 76B)
Class [Lorg.jetbrains.kotlin.tooling.core.HasMutableExtras;                           : loaded 2 times (x 69B)
Class org.jetbrains.kotlin.gradle.plugin.diagnostics.checkers.GradleDeprecatedPropertyChecker: loaded 2 times (x 74B)
Class org.jetbrains.kotlin.gradle.artifacts.KotlinJsKlibArtifactKt$KotlinJsKlibArtifact$1: loaded 2 times (x 74B)
Class org.jetbrains.kotlin.gradle.targets.CreateTargetConfigurationsSideEffectKt      : loaded 2 times (x 71B)
Class org.jetbrains.kotlin.gradle.plugin.mpp.ApplyUserDefinedAttributesKt$UserDefinedAttributesSetupAction$1: loaded 2 times (x 95B)
Class org.jetbrains.kotlin.gradle.plugin.mpp.KotlinAndroidTarget                      : loaded 2 times (x 159B)
Class org.jetbrains.kotlin.gradle.plugin.DefaultKotlinBasePlugin$addKotlinCompilerConfiguration$1: loaded 2 times (x 75B)
Class org.jetbrains.kotlin.gradle.plugin.statistics.NonSynchronizedMetricsContainer   : loaded 2 times (x 82B)
Class org.jetbrains.kotlin.gradle.plugin.internal.DefaultCompatibilityConventionRegistrar: loaded 2 times (x 74B)
Class org.jetbrains.kotlin.gradle.plugin.PropertiesProvider                           : loaded 2 times (x 73B)
Class com.google.common.collect.AbstractMapBasedMultimap                              : loaded 2 times (x 139B)
Class com.google.common.util.concurrent.AbstractFuture                                : loaded 2 times (x 106B)
Class com.google.common.base.FunctionalEquivalence                                    : loaded 2 times (x 83B)
Class com.google.common.collect.Iterators$9                                           : loaded 2 times (x 81B)
Class com.google.common.collect.ImmutableAsList                                       : loaded 2 times (x 209B)
Class org.jetbrains.kotlin.konan.target.TargetSupportException                        : loaded 2 times (x 82B)
Class org.jetbrains.kotlin.gradle.plugin.KotlinCompilationToRunnableFiles             : loaded 2 times (x 70B)
Class org.jetbrains.kotlin.gradle.tooling.BuildKotlinToolingMetadataTaskKt            : loaded 2 times (x 71B)
Class org.jetbrains.kotlin.gradle.plugin.ProjectLocalConfigurations$setupAttributesMatchingStrategy$1$1: loaded 2 times (x 74B)
Class org.jetbrains.kotlin.gradle.targets.native.toolchain.KotlinNativeBundleBuildService$Companion$registerIfAbsent$2$1$1: loaded 2 times (x 75B)
Class org.jetbrains.kotlin.statistics.BuildSessionLogger$Companion                    : loaded 2 times (x 71B)
Class org.objectweb.asm.RecordComponentVisitor                                        : loaded 2 times (x 77B)
Class com.google.common.cache.CacheLoader$SupplierToCacheLoader                       : loaded 2 times (x 75B)
Class jdk.internal.jimage.decompressor.Decompressor                                   : loaded 2 times (x 72B)
Class jdk.internal.jimage.ImageReader$Resource                                        : loaded 2 times (x 84B)
Class org.jetbrains.kotlin.gradle.plugin.KotlinPluginLifecycleCoroutineContextElement$Key: loaded 2 times (x 71B)
Class org.jetbrains.kotlin.gradle.plugin.diagnostics.KotlinToolingDiagnosticsSetupActionKt$KotlinToolingDiagnosticsSetupAction$1: loaded 2 times (x 74B)
Class org.jetbrains.kotlin.gradle.dsl.KotlinProjectExtensionKt                        : loaded 2 times (x 71B)
Class org.jetbrains.kotlin.gradle.plugin.KotlinGradleBuildServices$Parameters_Decorated: loaded 2 times (x 134B)
Class org.jetbrains.kotlin.gradle.plugin.DefaultKotlinBasePlugin$addKotlinCompilerConfiguration$3: loaded 2 times (x 75B)
Class [Lorg.jetbrains.kotlin.statistics.metrics.IMetricContainerFactory;              : loaded 2 times (x 69B)
Class org.jetbrains.kotlin.gradle.internal.IdeaKt                                     : loaded 2 times (x 71B)
Class org.gradle.internal.service.ServiceLookupException                              : loaded 2 times (x 82B)
Class jdk.internal.jrtfs.JrtFileAttributes                                            : loaded 2 times (x 83B)
Class org.jetbrains.kotlin.konan.target.HostManager                                   : loaded 2 times (x 72B)
Class org.jetbrains.kotlin.gradle.targets.js.npm.NpmDirectoryDependencyExtension      : loaded 2 times (x 70B)
Class org.jetbrains.kotlin.gradle.plugin.mpp.KotlinUsageContext$MavenScope            : loaded 2 times (x 79B)
Class org.jetbrains.kotlin.gradle.targets.native.KotilnNativeConfigureBinariesSideEffectKt$special$$inlined$KotlinTargetSideEffect$1: loaded 2 times (x 74B)
Class org.jetbrains.kotlin.gradle.plugin.KotlinProjectSetupAction$Companion           : loaded 2 times (x 71B)
Class [Lcom.google.common.cache.LocalCache$EntryFactory;                              : loaded 2 times (x 69B)
Class org.gradle.internal.classloader.ClassLoaderFactory                              : loaded 2 times (x 70B)
Class org.jetbrains.kotlin.gradle.plugin.sources.AbstractKotlinSourceSet              : loaded 2 times (x 141B)
Class org.jetbrains.kotlin.gradle.tooling.BuildKotlinToolingMetadataTaskKt$RegisterBuildKotlinToolingMetadataTask$1: loaded 2 times (x 74B)
Class org.jetbrains.kotlin.compilerRunner.GradleCliCommonizerKt$maybeCreateCommonizerClasspathConfiguration$1$1: loaded 2 times (x 75B)
Class [Lorg.jetbrains.kotlin.build.report.metrics.ValueType;                          : loaded 2 times (x 69B)
Class com.google.common.cache.LocalCache$LocalManualCache                             : loaded 2 times (x 99B)
Class com.google.common.base.CharMatcher$IsNot                                        : loaded 2 times (x 111B)
Class org.gradle.internal.service.CachingServiceLocator                               : loaded 2 times (x 82B)
Class org.jetbrains.kotlin.gradle.internal.KotlinTestDependencyManagementKt$configureKotlinTestDependency$1: loaded 2 times (x 79B)
Class org.jetbrains.kotlin.gradle.plugin.diagnostics.checkers.OverriddenKotlinNativeHomeChecker$StdlibExistenceCheckerValueSource$Params_Decorated: loaded 2 times (x 134B)
Class org.jetbrains.kotlin.project.model.LanguageSettings                             : loaded 2 times (x 70B)
Class org.jetbrains.kotlin.gradle.plugin.KotlinPluginLifecycleKt$kotlinPluginLifecycle$2: loaded 2 times (x 78B)
Class org.jetbrains.kotlin.gradle.plugin.statistics.BuildFusService$Companion$registerIfAbsent$1$1: loaded 2 times (x 79B)
Class org.jetbrains.kotlin.gradle.plugin.internal.CompatibilityConventionRegistrar$Factory: loaded 2 times (x 70B)
Class com.google.common.math.IntMath                                                  : loaded 2 times (x 71B)
Class org.jetbrains.kotlin.gradle.internal.KotlinTestDependencyManagementKt$configureKotlinTestDependency$2: loaded 2 times (x 75B)
Class org.jetbrains.kotlin.gradle.dsl.PlatformSourceSetConventionsChecker$runChecks$$inlined$CheckedPlatformInfo$default$1: loaded 2 times (x 78B)
Class [Lorg.jetbrains.kotlin.gradle.plugin.KotlinPluginLifecycle$Stage;               : loaded 2 times (x 69B)
Class org.jetbrains.kotlin.gradle.artifacts.KotlinTargetArtifact$Companion            : loaded 2 times (x 71B)
Class org.jetbrains.kotlin.gradle.plugin.mpp.compilationImpl.KotlinCreateLifecycleTasksSideEffectKt$KotlinCreateLifecycleTasksSideEffect$1: loaded 2 times (x 74B)
Class org.jetbrains.kotlin.gradle.dsl.KotlinGradlePluginDsl                           : loaded 2 times (x 70B)
Class org.jetbrains.kotlin.tooling.core.MutableExtras                                 : loaded 2 times (x 70B)
Class org.jetbrains.kotlin.gradle.plugin.KotlinGradleBuildServices$detectKotlinPluginLoadedInMultipleProjects$onRegister$1: loaded 2 times (x 79B)
Class org.jetbrains.kotlin.build.report.metrics.BuildTime                             : loaded 2 times (x 70B)
Class com.google.common.collect.ImmutableMapEntry                                     : loaded 2 times (x 85B)
Class org.jetbrains.kotlin.gradle.plugin.mpp.compilationImpl.KotlinCreateNativeCompileTasksSideEffectKt$special$$inlined$KotlinCompilationSideEffect$1: loaded 2 times (x 74B)
Class org.jetbrains.kotlin.gradle.targets.KotlinTargetSideEffect$Companion            : loaded 2 times (x 71B)
Class org.jetbrains.kotlin.gradle.dsl.KotlinSingleJavaTargetExtension                 : loaded 2 times (x 124B)
Class org.jetbrains.kotlin.gradle.plugin.KotlinPluginLifecycle$IllegalLifecycleException: loaded 2 times (x 82B)
Class org.jetbrains.kotlin.gradle.internal.properties.NativePropertiesLoader$userProvidedNativeHome$1: loaded 2 times (x 75B)
Class org.jetbrains.kotlin.gradle.plugin.KotlinGradleFinishBuildHandler               : loaded 2 times (x 72B)
Class [Lorg.jetbrains.kotlin.build.report.metrics.BuildPerformanceMetric;             : loaded 2 times (x 69B)
Class org.jetbrains.kotlin.statistics.metrics.StringOverridePolicy$CONCAT             : loaded 2 times (x 85B)
Class org.jetbrains.kotlin.gradle.dsl.KotlinTopLevelExtension                         : loaded 2 times (x 70B)
Class com.google.common.base.Equivalence                                              : loaded 2 times (x 82B)
Class com.google.common.base.Function                                                 : loaded 2 times (x 70B)
Class com.google.common.collect.ImmutableMapEntry$NonTerminalImmutableMapEntry        : loaded 2 times (x 85B)
Class org.jetbrains.kotlin.gradle.internal.KotlinDomApiDependencyManagementKt$addKotlinDomApiDependency$1: loaded 2 times (x 75B)
Class org.jetbrains.kotlin.gradle.plugin.diagnostics.checkers.KotlinTargetAlreadyDeclaredChecker$runChecks$1: loaded 2 times (x 88B)
Class org.jetbrains.kotlin.gradle.plugin.mpp.KotlinTargetWithBinaries                 : loaded 2 times (x 157B)
Class [Lorg.jetbrains.kotlin.gradle.plugin.KotlinSourceSet;                           : loaded 2 times (x 69B)
Class org.jetbrains.kotlin.gradle.plugin.diagnostics.checkers.JsEnvironmentChecker$1  : loaded 2 times (x 78B)
Class org.jetbrains.kotlin.gradle.plugin.diagnostics.KotlinToolingDiagnostics$JsLikeEnvironmentNotChosenExplicitly: loaded 2 times (x 73B)
Class org.jetbrains.kotlin.gradle.utils.StoredLazyProperty$getValue$1                 : loaded 2 times (x 79B)
Class org.jetbrains.kotlin.statistics.metrics.IMetricContainerFactory                 : loaded 2 times (x 70B)
Class org.jetbrains.kotlin.statistics.MetricValueValidationFailed                     : loaded 2 times (x 82B)
Class org.jetbrains.kotlin.gradle.plugin.PropertiesProvider$localProperties$2         : loaded 2 times (x 79B)
Class com.google.common.cache.CacheBuilder$OneWeigher                                 : loaded 2 times (x 82B)
Class com.google.common.collect.RegularImmutableList                                  : loaded 2 times (x 213B)
Class jdk.internal.jimage.ImageBufferCache                                            : loaded 2 times (x 71B)
Class jdk.internal.jrtfs.JrtPath                                                      : loaded 2 times (x 118B)
Class org.jetbrains.kotlin.gradle.targets.js.npm.SemVer                               : loaded 2 times (x 75B)
Class org.jetbrains.kotlin.gradle.plugin.diagnostics.checkers.JsEnvironmentChecker$2  : loaded 2 times (x 78B)
Class org.jetbrains.kotlin.gradle.utils.WhenPluginEnabledKt$whenPluginsEnabled$1      : loaded 2 times (x 75B)
Class org.jetbrains.kotlin.gradle.tasks.AbstractKotlinCompileTool                     : loaded 2 times (x 366B)
Class [Lorg.jetbrains.kotlin.gradle.report.BuildReportType;                           : loaded 2 times (x 69B)
Class org.jetbrains.kotlin.gradle.plugin.statistics.KotlinBuildStatsConfiguration     : loaded 2 times (x 72B)
Class org.jetbrains.kotlin.gradle.internal.properties.PropertiesBuildService$localProperties$2: loaded 2 times (x 79B)
Class org.gradle.internal.classloader.ClasspathUtil                                   : loaded 2 times (x 71B)
Class org.jetbrains.kotlin.gradle.plugin.diagnostics.checkers.InternalGradlePropertiesUsageChecker$runChecks$1: loaded 2 times (x 88B)
Class org.jetbrains.kotlin.gradle.utils.StringUtilsKt$lowerCamelCaseName$1            : loaded 2 times (x 125B)
Class org.jetbrains.kotlin.gradle.plugin.diagnostics.checkers.JsEnvironmentChecker$3  : loaded 2 times (x 78B)
Class org.jetbrains.kotlin.gradle.dsl.JvmTarget$Companion                             : loaded 2 times (x 71B)
Class org.jetbrains.kotlin.gradle.internal.properties.NativePropertiesLoader$downloadFromMaven$1: loaded 2 times (x 75B)
Class org.jetbrains.kotlin.gradle.plugin.internal.DefaultConfigurationCacheStartParameterAccessor_Decorated: loaded 2 times (x 125B)
Class org.jetbrains.kotlin.gradle.plugin.internal.DefaultConfigurationCacheStartParameterAccessor: loaded 2 times (x 77B)
Class org.jetbrains.kotlin.tooling.core.HasExtras                                     : loaded 2 times (x 70B)
Class com.google.common.util.concurrent.Uninterruptibles                              : loaded 2 times (x 71B)
Class org.jetbrains.kotlin.konan.target.HostManager$Companion                         : loaded 2 times (x 71B)
Class org.jetbrains.kotlin.gradle.targets.js.npm.DevNpmDependencyExtension            : loaded 2 times (x 70B)
Class org.jetbrains.kotlin.gradle.plugin.diagnostics.checkers.PreHmppDependenciesUsageChecker: loaded 2 times (x 74B)
Class org.jetbrains.kotlin.gradle.targets.CreateArtifactsSideEffectKt                 : loaded 2 times (x 71B)
Class org.jetbrains.kotlin.gradle.plugin.AbstractKotlinMultiplatformPluginWrapper     : loaded 2 times (x 86B)
Class org.jetbrains.kotlin.gradle.utils.GradleConfigurationUtilsKt$addGradlePluginMetadataAttributes$1: loaded 2 times (x 75B)
Class org.jetbrains.kotlin.gradle.plugin.internal.DefaultProjectIsolationStartParameterAccessor: loaded 2 times (x 77B)
Class com.google.common.util.concurrent.LazyLogger                                    : loaded 2 times (x 72B)
Class com.google.common.collect.Maps                                                  : loaded 2 times (x 71B)
Class org.gradle.api.specs.Spec                                                       : loaded 2 times (x 70B)
Class jdk.internal.jimage.ImageReader$SharedImageReader$LocationVisitor               : loaded 2 times (x 70B)
Class org.jetbrains.kotlin.konan.target.UtilsKt                                       : loaded 2 times (x 71B)
Class org.jetbrains.kotlin.gradle.tooling.BuildKotlinToolingMetadataTask              : loaded 2 times (x 317B)
Class org.jetbrains.kotlin.gradle.plugin.internal.CompatibilityConventionRegistrarKt  : loaded 2 times (x 71B)
Class org.jetbrains.kotlin.gradle.artifacts.KotlinJvmJarArtifactKt                    : loaded 2 times (x 71B)
Class org.jetbrains.kotlin.gradle.plugin.mpp.compilationImpl.CreateCInteropTasksSideEffectKt$special$$inlined$KotlinCompilationSideEffect$1: loaded 2 times (x 74B)
Class org.jetbrains.kotlin.gradle.plugin.statistics.FinalizeConfigurationFusMetricActionKt: loaded 2 times (x 71B)
Class org.jetbrains.kotlin.gradle.targets.native.toolchain.KotlinNativeBundleBuildService$Companion$registerIfAbsent$2$1: loaded 2 times (x 79B)
Class org.jetbrains.kotlin.build.report.metrics.GradleBuildPerformanceMetric$Companion: loaded 2 times (x 71B)
Class org.jetbrains.kotlin.gradle.plugin.statistics.KotlinBuildStatsBeanService       : loaded 2 times (x 87B)
Class [Lcom.google.common.collect.ImmutableEntry;                                     : loaded 2 times (x 69B)
Class org.jetbrains.kotlin.gradle.internal.properties.NativeProperties$Companion      : loaded 2 times (x 71B)
Class org.jetbrains.kotlin.gradle.utils.StringUtilsKt                                 : loaded 2 times (x 71B)
Class org.jetbrains.kotlin.gradle.targets.ConfigureBuildSideEffectKt$ConfigureBuildSideEffect$1: loaded 2 times (x 74B)
Class org.jetbrains.kotlin.gradle.utils.CompletableFuture                             : loaded 2 times (x 70B)
Class org.jetbrains.kotlin.build.report.metrics.BuildPerformanceMetric                : loaded 2 times (x 70B)
Class [Lorg.jetbrains.kotlin.statistics.metrics.StringOverridePolicy;                 : loaded 2 times (x 69B)
Class com.google.common.cache.LocalCache$LoadingValueReference                        : loaded 2 times (x 96B)
Class jdk.internal.jimage.decompressor.ResourceDecompressorRepository                 : loaded 2 times (x 71B)
Class com.google.common.base.PairwiseEquivalence                                      : loaded 2 times (x 83B)
Class org.jetbrains.kotlin.gradle.plugin.diagnostics.checkers.OverriddenKotlinNativeHomeChecker$StdlibExistenceCheckerValueSource$Params$Inject: loaded 2 times (x 106B)
Class org.jetbrains.kotlin.gradle.plugin.diagnostics.checkers.CommonMainOrTestWithDependsOnChecker: loaded 2 times (x 74B)
Class org.jetbrains.kotlin.gradle.artifacts.KotlinNativeHostSpecificMetadataArtifactKt: loaded 2 times (x 71B)
Class org.jetbrains.kotlin.gradle.plugin.mpp.compilationImpl.KotlinCreateLifecycleTasksSideEffectKt: loaded 2 times (x 71B)
Class org.jetbrains.kotlin.gradle.plugin.KotlinTarget                                 : loaded 2 times (x 70B)
Class org.jetbrains.kotlin.gradle.utils.ConfigurationsKt$createResolvable$1           : loaded 2 times (x 78B)
Class [Lorg.jetbrains.kotlin.statistics.metrics.BooleanAnonymizationPolicy;           : loaded 2 times (x 69B)
Class jdk.internal.jimage.ImageReader$Directory                                       : loaded 2 times (x 84B)
Class Build_gradle$2                                                                  : loaded 2 times (x 75B)
Class org.jetbrains.kotlin.gradle.artifacts.KotlinNativeKlibArtifactKt                : loaded 2 times (x 71B)
Class org.jetbrains.kotlin.gradle.plugin.ProjectLocalConfigurations                   : loaded 2 times (x 71B)
Class org.jetbrains.kotlin.gradle.plugin.mpp.KotlinUsages$KotlinUsagesDisambiguation  : loaded 2 times (x 76B)
Class org.jetbrains.kotlin.tooling.core.Extras$Key$Companion                          : loaded 2 times (x 71B)
Class org.jetbrains.kotlin.tooling.core.Extras$Key                                    : loaded 2 times (x 72B)
Class [Lorg.objectweb.asm.AnnotationWriter;                                           : loaded 2 times (x 69B)
Class com.google.common.collect.Maps$8                                                : loaded 2 times (x 82B)
Class Build_gradle$3                                                                  : loaded 2 times (x 74B)
Class [Lcom.google.common.collect.Iterators$EmptyModifiableIterator;                  : loaded 2 times (x 69B)
Class org.jetbrains.kotlin.gradle.plugin.diagnostics.CheckKotlinGradlePluginConfigurationErrors: loaded 2 times (x 319B)
Class org.jetbrains.kotlin.gradle.plugin.sources.DefaultKotlinSourceSetKt             : loaded 2 times (x 71B)
Class org.jetbrains.kotlin.gradle.dsl.KotlinJvmOptions                                : loaded 2 times (x 70B)
Class org.jetbrains.kotlin.gradle.plugin.mpp.HierarchyAttributeContainer$1            : loaded 2 times (x 78B)
Class org.jetbrains.kotlin.gradle.plugin.KotlinPluginLifecycle                        : loaded 2 times (x 70B)
Class org.jetbrains.kotlin.gradle.plugin.KotlinJsPluginWrapper                        : loaded 2 times (x 86B)
Class org.jetbrains.kotlin.gradle.dsl.ToolchainSupport                                : loaded 2 times (x 70B)
Class org.jetbrains.kotlin.tooling.core.Extras                                        : loaded 2 times (x 70B)
Class org.jetbrains.kotlin.gradle.plugin.mpp.InternalKotlinTarget                     : loaded 2 times (x 70B)
Class org.jetbrains.kotlin.statistics.metrics.NumberAnonymizationPolicy$RANDOM_10_PERCENT: loaded 2 times (x 85B)
Class org.jetbrains.kotlin.statistics.metrics.StringMetrics                           : loaded 2 times (x 80B)
Class com.google.common.collect.Sets$SetView                                          : loaded 2 times (x 138B)
Class com.google.common.cache.LocalCache$StrongValueReference                         : loaded 2 times (x 90B)
Class org.jetbrains.kotlin.gradle.dsl.KotlinCommonCompilerOptionsHelper               : loaded 2 times (x 71B)
Class org.jetbrains.kotlin.gradle.plugin.KotlinJvmPlugin$Companion                    : loaded 2 times (x 71B)
Class org.jetbrains.kotlin.gradle.plugin.diagnostics.KotlinToolingDiagnostics         : loaded 2 times (x 71B)
Class org.jetbrains.kotlin.gradle.artifacts.KotlinMetadataArtifactKt                  : loaded 2 times (x 71B)
Class org.jetbrains.kotlin.gradle.targets.CreateArtifactsSideEffectKt$CreateArtifactsSideEffect$1: loaded 2 times (x 74B)
Class org.jetbrains.kotlin.gradle.internal.properties.PropertiesBuildService$property$1$valueFromGradleAndLocalProperties$1: loaded 2 times (x 75B)
Class org.jetbrains.kotlin.gradle.plugin.KotlinPluginWrapperKt$kotlinToolingVersion$2 : loaded 2 times (x 78B)
Class org.objectweb.asm.Type                                                          : loaded 2 times (x 72B)
Class org.gradle.internal.classloader.VisitableURLClassLoader$InstrumentingVisitableURLClassLoader: loaded 2 times (x 123B)
Class org.jetbrains.kotlin.konan.target.UtilsKt$evaluatePresetName$1                  : loaded 2 times (x 78B)
Class org.jetbrains.kotlin.gradle.plugin.mpp.KotlinNativeTarget                       : loaded 2 times (x 167B)
Class org.jetbrains.kotlin.gradle.plugin.diagnostics.checkers.KotlinSourceSetTreeDependsOnMismatchChecker$runChecks$1: loaded 2 times (x 88B)
Class org.jetbrains.kotlin.gradle.plugin.diagnostics.checkers.PreHmppDependenciesUsageChecker$runChecks$1: loaded 2 times (x 88B)
Class org.jetbrains.kotlin.gradle.utils.ProjectExtensionsKt                           : loaded 2 times (x 71B)
Class org.jetbrains.kotlin.gradle.plugin.KotlinSourceSetTree$Companion                : loaded 2 times (x 71B)
Class org.jetbrains.kotlin.gradle.plugin.diagnostics.KotlinGradleProjectChecker$Companion: loaded 2 times (x 71B)
Class org.jetbrains.kotlin.gradle.plugin.KotlinGradleBuildServices$Parameters         : loaded 2 times (x 70B)
Class org.jetbrains.kotlin.gradle.plugin.statistics.BuildFusService$Companion$registerIfAbsent$1$1$1: loaded 2 times (x 75B)
Class org.jetbrains.kotlin.statistics.fileloggers.MetricsContainer$Companion          : loaded 2 times (x 71B)
Class org.objectweb.asm.ByteVector                                                    : loaded 2 times (x 79B)
Class [Lcom.google.common.cache.CacheBuilder$NullListener;                            : loaded 2 times (x 69B)
Class com.google.common.math.IntMath$1                                                : loaded 2 times (x 71B)
Class org.gradle.internal.classloader.VisitableURLClassLoader$Spec                    : loaded 2 times (x 74B)
Class org.gradle.internal.classpath.DefaultClassPath                                  : loaded 2 times (x 90B)
Class jdk.internal.jimage.decompressor.ZipDecompressorFactory                         : loaded 2 times (x 74B)
Class org.jetbrains.kotlin.konan.target.Architecture                                  : loaded 2 times (x 79B)
Class [Lorg.jetbrains.kotlin.gradle.plugin.HasProject;                                : loaded 2 times (x 69B)
Class org.jetbrains.kotlin.gradle.utils.MutableObservableSetImpl                      : loaded 2 times (x 163B)
Class org.jetbrains.kotlin.gradle.tasks.KotlinTasksProvider                           : loaded 2 times (x 72B)
Class org.jetbrains.kotlin.gradle.dsl.DefaultToolchainSupport$wireToolchainToTasks$1  : loaded 2 times (x 75B)
Class org.jetbrains.kotlin.gradle.dsl.KotlinCommonCompilerOptions                     : loaded 2 times (x 70B)
Class org.jetbrains.kotlin.gradle.plugin.KotlinJsCompilerTypeHolder                   : loaded 2 times (x 70B)
Class [Lorg.jetbrains.kotlin.build.report.metrics.GradleBuildTime;                    : loaded 2 times (x 69B)
Class org.jetbrains.kotlin.gradle.internal.properties.PropertiesBuildService$MemoizedCallable: loaded 2 times (x 75B)
Class org.objectweb.asm.Symbol                                                        : loaded 2 times (x 73B)
Class org.jetbrains.kotlin.konan.target.KonanTarget$MACOS_X64                         : loaded 2 times (x 78B)
Class org.jetbrains.kotlin.gradle.plugin.KotlinSourceSet$Companion                    : loaded 2 times (x 71B)
Class org.jetbrains.kotlin.konan.util.Named                                           : loaded 2 times (x 70B)
Class [Lorg.jetbrains.kotlin.gradle.report.BuildReportMode;                           : loaded 2 times (x 69B)
Class org.jetbrains.kotlin.statistics.metrics.BooleanOverridePolicy                   : loaded 2 times (x 85B)
Class com.google.common.base.CharMatcher$BitSetMatcher                                : loaded 2 times (x 112B)
Class com.google.common.collect.ImmutableSet                                          : loaded 2 times (x 145B)
Class com.google.common.collect.RegularImmutableMap$Values                            : loaded 2 times (x 207B)
Class org.jetbrains.kotlin.gradle.plugin.AbstractKotlinAndroidPluginWrapper           : loaded 2 times (x 86B)
Class org.gradle.internal.classloader.ClassLoaderSpec                                 : loaded 2 times (x 71B)
Class org.jetbrains.kotlin.gradle.internal.KotlinDependenciesManagementKt$configureDefaultVersionsResolutionStrategy$1$1: loaded 2 times (x 75B)
Class org.jetbrains.kotlin.gradle.utils.KotlinExtensionUtilsKt$forAllTargets$1        : loaded 2 times (x 95B)
Class org.jetbrains.kotlin.gradle.plugin.diagnostics.CheckKotlinGradlePluginConfigurationErrorsKt$locateOrRegisterCheckKotlinGradlePluginErrorsTask$taskProvider$1: loaded 2 times (x 75B)
Class org.jetbrains.kotlin.gradle.plugin.diagnostics.checkers.OverriddenKotlinNativeHomeChecker$StdlibExistenceCheckerValueSource$Params: loaded 2 times (x 70B)
Class org.jetbrains.kotlin.gradle.dsl.PlatformSourceSetConventionsChecker$nativeTargetPresets$1$1: loaded 2 times (x 79B)
Class org.jetbrains.kotlin.gradle.tooling.BuildKotlinToolingMetadataTaskKt$buildKotlinToolingMetadataTask$1: loaded 2 times (x 78B)
Class org.jetbrains.kotlin.gradle.internal.Kapt3GradleSubplugin$Companion             : loaded 2 times (x 71B)
Class org.jetbrains.kotlin.gradle.plugin.mpp.compilationImpl.KotlinCreateCompilationArchiveTaskKt$KotlinRegisterCompilationArchiveTasksExtension$1: loaded 2 times (x 74B)
Class [Lorg.jetbrains.kotlin.statistics.metrics.NumberOverridePolicy;                 : loaded 2 times (x 69B)
Class org.jetbrains.kotlin.gradle.internal.properties.PropertiesBuildService$GradleProperty: loaded 2 times (x 70B)
Class org.jetbrains.kotlin.gradle.utils.StoredPropertyKt$projectStoredProperty$1      : loaded 2 times (x 78B)
Class org.objectweb.asm.AnnotationWriter                                              : loaded 2 times (x 79B)
Class com.google.common.cache.CacheStats                                              : loaded 2 times (x 71B)
Class org.jetbrains.kotlin.gradle.plugin.diagnostics.checkers.DuplicateSourceSetChecker$runChecks$1: loaded 2 times (x 88B)
Class org.jetbrains.kotlin.gradle.plugin.diagnostics.ToolingDiagnostic$Severity       : loaded 2 times (x 79B)
Class org.jetbrains.kotlin.gradle.dsl.JvmTarget                                       : loaded 2 times (x 79B)
Class org.jetbrains.kotlin.gradle.internal.ClassLoadersCachingBuildService            : loaded 2 times (x 76B)
Class org.jetbrains.kotlin.gradle.plugin.VariantImplementationFactories$Inject        : loaded 2 times (x 106B)
Class org.jetbrains.kotlin.gradle.plugin.VariantImplementationFactoriesConfigurator$Companion: loaded 2 times (x 71B)
Class org.objectweb.asm.RecordComponentWriter                                         : loaded 2 times (x 78B)
Class com.google.common.util.concurrent.AbstractFuture$Listener                       : loaded 2 times (x 72B)
Class com.google.common.base.CharMatcher$Or                                           : loaded 2 times (x 112B)
Class Settings_gradle$1$1                                                             : loaded 2 times (x 74B)
Class org.jetbrains.kotlin.gradle.plugin.diagnostics.checkers.OverriddenKotlinNativeHomeChecker$StdlibExistenceCheckerValueSource$Companion: loaded 2 times (x 71B)
Class org.jetbrains.kotlin.gradle.targets.js.dsl.KotlinWasmSubTargetContainerDsl      : loaded 2 times (x 70B)
Class org.jetbrains.kotlin.gradle.plugin.diagnostics.checkers.WasmWasiEnvironmentChecker$1: loaded 2 times (x 78B)
Class org.jetbrains.kotlin.gradle.plugin.diagnostics.checkers.DisabledCinteropCommonizationInHmppProjectChecker: loaded 2 times (x 74B)
Class org.jetbrains.kotlin.gradle.plugin.diagnostics.checkers.NoKotlinTargetsDeclaredChecker: loaded 2 times (x 74B)
Class org.jetbrains.kotlin.gradle.utils.StoredPropertyStorage                         : loaded 2 times (x 72B)
Class org.jetbrains.kotlin.gradle.plugin.KotlinSourceSetContainer                     : loaded 2 times (x 70B)
Class org.objectweb.asm.Attribute                                                     : loaded 2 times (x 77B)
Class com.google.common.base.Supplier                                                 : loaded 2 times (x 70B)
Class org.gradle.internal.classloader.VisitableURLClassLoader                         : loaded 2 times (x 117B)
Class org.jetbrains.kotlin.gradle.plugin.KotlinGradleBuildServices$Inject             : loaded 2 times (x 100B)
Class org.jetbrains.kotlin.konan.target.KonanTarget$WATCHOS_X64                       : loaded 2 times (x 78B)
Class org.jetbrains.kotlin.gradle.plugin.diagnostics.KotlinGradleProjectCheckersRunnerKt: loaded 2 times (x 71B)
Class [Lorg.jetbrains.kotlin.tooling.core.HasExtras;                                  : loaded 2 times (x 69B)
Class org.jetbrains.kotlin.gradle.plugin.diagnostics.checkers.IncorrectCompileOnlyDependenciesChecker: loaded 2 times (x 74B)
Class org.jetbrains.kotlin.gradle.plugin.diagnostics.checkers.WasmWasiEnvironmentChecker$2: loaded 2 times (x 78B)
Class org.jetbrains.kotlin.gradle.dsl.DefaultToolchainSupport$wireToolchainToTasks$1$1: loaded 2 times (x 75B)
Class org.jetbrains.kotlin.gradle.utils.SingleActionPerProject                        : loaded 2 times (x 73B)
Class org.jetbrains.kotlin.gradle.plugin.DefaultKotlinBasePlugin                      : loaded 2 times (x 82B)
Class org.gradle.internal.Cast                                                        : loaded 2 times (x 71B)
Class org.gradle.api.Action                                                           : loaded 2 times (x 70B)
Class jdk.internal.jimage.decompressor.ZipDecompressor                                : loaded 2 times (x 75B)
Class org.jetbrains.kotlin.gradle.utils.FailuresKt$ideaSyncClasspathModeUtil$1        : loaded 2 times (x 72B)
Class org.jetbrains.kotlin.gradle.plugin.diagnostics.KotlinToolingDiagnosticsCollector$Inject: loaded 2 times (x 96B)
Class org.jetbrains.kotlin.gradle.artifacts.KotlinJsKlibArtifactKt                    : loaded 2 times (x 71B)
Class org.jetbrains.kotlin.gradle.dsl.KotlinTargetContainerWithWasmPresetFunctions    : loaded 2 times (x 70B)
Class org.jetbrains.kotlin.gradle.plugin.GradleUtilsKt                                : loaded 2 times (x 71B)
Class org.jetbrains.kotlin.gradle.internal.properties.PropertiesBuildService          : loaded 2 times (x 76B)
Class com.google.common.collect.Sets                                                  : loaded 2 times (x 71B)
Class org.objectweb.asm.Handler                                                       : loaded 2 times (x 72B)
Class com.google.common.base.Ticker                                                   : loaded 2 times (x 72B)
Class com.google.common.base.CharMatcher$FastMatcher                                  : loaded 2 times (x 111B)
Class org.jetbrains.kotlin.gradle.plugin.diagnostics.KotlinToolingDiagnosticsCollector: loaded 2 times (x 76B)
Class org.jetbrains.kotlin.gradle.plugin.mpp.compilationImpl.KotlinCreateCompilationArchiveTaskKt: loaded 2 times (x 71B)
Class org.jetbrains.kotlin.tooling.core.MutableExtrasImpl                             : loaded 2 times (x 165B)
Class org.jetbrains.kotlin.gradle.plugin.statistics.KotlinBuildStatsMXBean            : loaded 2 times (x 70B)
Class org.jetbrains.kotlin.gradle.utils.FileUtilsKt                                   : loaded 2 times (x 71B)
Class [Lcom.google.common.cache.LocalCache$Segment;                                   : loaded 2 times (x 69B)
Class [Lcom.google.common.cache.LocalCache$Strength;                                  : loaded 2 times (x 69B)
Class com.google.common.cache.CacheBuilder$1                                          : loaded 2 times (x 85B)
Class com.google.common.base.Predicate                                                : loaded 2 times (x 70B)
Class com.google.common.collect.ImmutableMap                                          : loaded 2 times (x 120B)
Class org.gradle.internal.classpath.DefaultClassPath$ImmutableUniqueList$Builder      : loaded 2 times (x 75B)
Class org.jetbrains.kotlin.gradle.plugin.diagnostics.checkers.InternalGradlePropertiesUsageChecker: loaded 2 times (x 74B)
Class org.jetbrains.kotlin.gradle.plugin.mpp.compilationImpl.CreateCInteropTasksSideEffectKt: loaded 2 times (x 71B)
Class org.jetbrains.kotlin.gradle.testing.internal.KotlinTestsRegistry$Companion      : loaded 2 times (x 71B)
Class org.jetbrains.kotlin.gradle.dsl.KotlinCommonCompilerToolOptions                 : loaded 2 times (x 70B)
Class org.jetbrains.kotlin.gradle.internal.properties.PropertiesBuildService$Companion$registerIfAbsent$1: loaded 2 times (x 75B)
Class org.jetbrains.kotlin.gradle.plugin.internal.DefaultConfigurationCacheStartParameterAccessorVariantFactory: loaded 2 times (x 76B)
Class com.google.common.cache.LocalCache                                              : loaded 2 times (x 187B)
Class com.google.common.cache.CacheBuilder$2                                          : loaded 2 times (x 79B)
Class com.google.common.base.CharMatcher$NegatedFastMatcher                           : loaded 2 times (x 113B)
Class org.jetbrains.kotlin.gradle.internal.KotlinTestDependencyManagementKt           : loaded 2 times (x 71B)
Class org.jetbrains.kotlin.konan.target.KonanTarget$ANDROID_X64                       : loaded 2 times (x 78B)
Class [Lorg.jetbrains.kotlin.gradle.plugin.sources.ConsistencyCheck;                  : loaded 2 times (x 69B)
Class org.jetbrains.kotlin.gradle.report.ReportingSettings                            : loaded 2 times (x 72B)
Class org.jetbrains.kotlin.statistics.metrics.StringAnonymizationPolicy$ComponentVersionAnonymizer: loaded 2 times (x 78B)
Class com.google.common.collect.ArrayListMultimap                                     : loaded 2 times (x 172B)
Class com.google.common.cache.CacheBuilder$3                                          : loaded 2 times (x 72B)
Class [Lcom.google.common.collect.AbstractMapEntry;                                   : loaded 2 times (x 69B)
Class com.google.common.collect.ImmutableEntry                                        : loaded 2 times (x 82B)
Class org.jetbrains.kotlin.gradle.plugin.KotlinBasePluginWrapper                      : loaded 2 times (x 86B)
Class org.jetbrains.kotlin.cli.common.arguments.K2JVMCompilerArguments                : loaded 2 times (x 81B)
Class org.gradle.api.GradleException                                                  : loaded 2 times (x 82B)
Class jdk.internal.jimage.ImageStrings                                                : loaded 2 times (x 70B)
Class org.jetbrains.kotlin.gradle.plugin.diagnostics.KotlinToolingDiagnostics$JsEnvironmentNotChosenExplicitly: loaded 2 times (x 73B)
Class org.jetbrains.kotlin.gradle.plugin.ProjectLocalConfigurations$ProjectLocalCompatibility: loaded 2 times (x 76B)
Class org.jetbrains.kotlin.gradle.dsl.KotlinJvmCompilerOptions                        : loaded 2 times (x 70B)
Class org.jetbrains.kotlin.gradle.plugin.internal.DefaultProjectIsolationStartParameterAccessor$Factory: loaded 2 times (x 76B)
Class com.google.common.collect.CollectPreconditions                                  : loaded 2 times (x 71B)
Class org.jetbrains.kotlin.gradle.plugin.KotlinPluginLifecycleImpl$launch$1           : loaded 2 times (x 79B)
Class org.jetbrains.kotlin.konan.target.HostManager$Companion$targetAliases$2         : loaded 2 times (x 78B)
Class org.jetbrains.kotlin.gradle.utils.Completable                                   : loaded 2 times (x 72B)
Class org.jetbrains.kotlin.gradle.plugin.DefaultKotlinBasePlugin$addKotlinCompilerConfiguration$2$1: loaded 2 times (x 75B)
Class org.jetbrains.kotlin.gradle.plugin.statistics.KotlinBuildStatsServicesRegistry$Companion: loaded 2 times (x 71B)
Class org.jetbrains.kotlin.gradle.plugin.internal.DefaultCompatibilityConventionRegistrar$Factory: loaded 2 times (x 76B)
Class com.google.common.collect.SortedMapDifference                                   : loaded 2 times (x 70B)
Class org.jetbrains.kotlin.gradle.plugin.diagnostics.checkers.IncorrectCompileOnlyDependenciesChecker$runChecks$1: loaded 2 times (x 88B)
Class org.jetbrains.kotlin.gradle.plugin.mpp.KotlinOnlyTarget                         : loaded 2 times (x 153B)
Class org.jetbrains.kotlin.gradle.targets.js.npm.BaseNpmDependencyExtension           : loaded 2 times (x 70B)
Class org.jetbrains.kotlin.gradle.dsl.KotlinVersion$Companion                         : loaded 2 times (x 71B)
Class org.jetbrains.kotlin.gradle.InternalKotlinGradlePluginApi                       : loaded 2 times (x 70B)
Class org.jetbrains.kotlin.gradle.dsl.DefaultToolchainSupport                         : loaded 2 times (x 76B)
Class org.jetbrains.kotlin.gradle.plugin.internal.CustomPropertiesFileValueSource     : loaded 2 times (x 82B)
Class com.google.common.cache.LocalCache$EntryFactory                                 : loaded 2 times (x 83B)
Class org.jetbrains.kotlin.cli.common.arguments.CommonCompilerArguments               : loaded 2 times (x 80B)
Class org.jetbrains.kotlin.gradle.internal.StdlibDependencyManagementKt$configureStdlibVersionAlignment$1$1: loaded 2 times (x 75B)
Class org.jetbrains.kotlin.gradle.dsl.KotlinProjectExtension$awaitSourceSets$1        : loaded 2 times (x 88B)
Class org.jetbrains.kotlin.gradle.plugin.KotlinPluginLifecycle$CoroutineStart         : loaded 2 times (x 79B)
Class org.jetbrains.kotlin.konan.target.Family                                        : loaded 2 times (x 79B)
Class org.jetbrains.kotlin.gradle.tasks.TasksProviderKt$sam$org_gradle_api_Action$0   : loaded 2 times (x 75B)
Class org.jetbrains.kotlin.gradle.tooling.BuildKotlinToolingMetadataTask$FromKotlinExtension: loaded 2 times (x 317B)
Class org.jetbrains.kotlin.gradle.utils.FailuresKt                                    : loaded 2 times (x 71B)
Class org.jetbrains.kotlin.gradle.targets.native.internal.CInteropConfigurationsKt$special$$inlined$KotlinTargetSideEffect$1: loaded 2 times (x 74B)
Class org.jetbrains.kotlin.gradle.internal.properties.NativePropertiesLoader$konanDataDirProperty$1: loaded 2 times (x 75B)
Class org.jetbrains.kotlin.gradle.plugin.statistics.BuildFusService$Parameters_Decorated: loaded 2 times (x 143B)
Class org.jetbrains.kotlin.gradle.internal.properties.PropertiesBuildService$Params$Inject: loaded 2 times (x 106B)
Class org.jetbrains.kotlin.tooling.core.HasMutableExtras                              : loaded 2 times (x 70B)
Class com.google.common.cache.LocalCache$AbstractReferenceEntry                       : loaded 2 times (x 107B)
Class org.gradle.internal.IoActions                                                   : loaded 2 times (x 71B)
Class org.jetbrains.kotlin.konan.target.KonanTarget$LINUX_ARM32_HFP                   : loaded 2 times (x 78B)
Class org.jetbrains.kotlin.gradle.internal.Kapt3GradleSubplugin                       : loaded 2 times (x 83B)
Class org.jetbrains.kotlin.gradle.plugin.diagnostics.checkers.CInteropInputChecker    : loaded 2 times (x 74B)
Class org.jetbrains.kotlin.gradle.plugin.statistics.FinalizeConfigurationFusMetricActionKt$FinalizeConfigurationFusMetricAction$1: loaded 2 times (x 95B)
Class org.jetbrains.kotlin.gradle.internal.KotlinDependenciesManagementKt$CustomizeKotlinDependenciesSetupAction$1: loaded 2 times (x 74B)
Class org.jetbrains.kotlin.gradle.plugin.KotlinGradlePluginExtensionPointInternal$registeredExtensions$2: loaded 2 times (x 78B)
Class org.jetbrains.kotlin.statistics.metrics.BooleanOverridePolicy$OR                : loaded 2 times (x 85B)
Class org.jetbrains.kotlin.gradle.plugin.UsesVariantImplementationFactories           : loaded 2 times (x 70B)
Class org.objectweb.asm.SymbolTable                                                   : loaded 2 times (x 72B)
Class com.google.common.cache.CacheLoader$InvalidCacheLoadException                   : loaded 2 times (x 82B)
Class com.google.common.collect.ImmutableSet$RegularSetBuilderImpl                    : loaded 2 times (x 77B)
Class org.gradle.internal.classloader.SystemClassLoaderSpec                           : loaded 2 times (x 71B)
Class org.jetbrains.kotlin.gradle.utils.KotlinExtensionUtilsKt                        : loaded 2 times (x 71B)
Class [Lorg.jetbrains.kotlin.konan.util.Named;                                        : loaded 2 times (x 69B)
Class org.jetbrains.kotlin.gradle.plugin.diagnostics.checkers.NoKotlinTargetsDeclaredChecker$runChecks$1: loaded 2 times (x 88B)
Class org.jetbrains.kotlin.gradle.plugin.mpp.AbstractKotlinTarget$kotlinComponents$2  : loaded 2 times (x 79B)
Class org.jetbrains.kotlin.gradle.plugin.KotlinPlatformType$CompatibilityRule         : loaded 2 times (x 76B)
Class org.jetbrains.kotlin.gradle.internal.properties.NativePropertiesLoader$actualNativeHomeDirectory$1: loaded 2 times (x 75B)
Class org.jetbrains.kotlin.gradle.internal.properties.NativePropertiesKt              : loaded 2 times (x 71B)
Class org.jetbrains.kotlin.gradle.plugin.BuildEventsListenerRegistryHolder            : loaded 2 times (x 72B)
Class [Lorg.jetbrains.kotlin.statistics.metrics.BooleanOverridePolicy;                : loaded 2 times (x 69B)
Class org.jetbrains.kotlin.gradle.plugin.internal.CustomPropertiesFileValueSource$Parameters$Inject: loaded 2 times (x 106B)
Class com.google.common.cache.LocalCache$StrongEntry                                  : loaded 2 times (x 108B)
Class com.google.common.util.concurrent.AbstractFuture$TrustedFuture                  : loaded 2 times (x 114B)
Class com.google.common.cache.LoadingCache                                            : loaded 2 times (x 70B)
Class jdk.internal.jrtfs.JrtFileSystem                                                : loaded 2 times (x 102B)
Class org.jetbrains.kotlin.gradle.plugin.diagnostics.checkers.WasmSourceSetsNotFoundChecker$runChecks$1: loaded 2 times (x 88B)
Class org.jetbrains.kotlin.konan.target.KonanTarget$IOS_SIMULATOR_ARM64               : loaded 2 times (x 78B)
Class org.jetbrains.kotlin.gradle.plugin.mpp.compilationImpl.KotlinCreateCompilationArchiveTaskKt$KotlinCreateCompilationArchivesTask$1: loaded 2 times (x 74B)
Class org.jetbrains.kotlin.gradle.dsl.KotlinVersion                                   : loaded 2 times (x 79B)
Class org.jetbrains.kotlin.gradle.internal.properties.NativePropertiesLoader$actualNativeHomeDirectory$2: loaded 2 times (x 74B)
Class org.jetbrains.kotlin.gradle.utils.StoredPropertyKt                              : loaded 2 times (x 71B)
Class org.objectweb.asm.MethodWriter                                                  : loaded 2 times (x 106B)
Class [Lcom.google.common.cache.Weigher;                                              : loaded 2 times (x 69B)
Class com.google.common.collect.RegularImmutableMap$BucketOverflowException           : loaded 2 times (x 82B)
Class jdk.internal.jimage.decompressor.CompressedResourceHeader                       : loaded 2 times (x 71B)
Class org.jetbrains.kotlin.gradle.plugin.KotlinPluginLifecycleKt$launchInStage$1      : loaded 2 times (x 95B)
Class org.jetbrains.kotlin.gradle.targets.NativeForwardImplementationToApiElementsSideEffectKt: loaded 2 times (x 71B)
Class org.jetbrains.kotlin.gradle.internal.properties.NativePropertiesLoader$actualNativeHomeDirectory$3: loaded 2 times (x 75B)
Class org.jetbrains.kotlin.gradle.report.BuildReportMode                              : loaded 2 times (x 79B)
Class org.jetbrains.kotlin.statistics.metrics.StringAnonymizationPolicy$RegexControlled: loaded 2 times (x 79B)
Class org.jetbrains.kotlin.statistics.ValueAnonymizer                                 : loaded 2 times (x 70B)
Class org.jetbrains.kotlin.gradle.plugin.VariantImplementationFactories$Companion$getProvider$2$1$1: loaded 2 times (x 75B)
Class org.jetbrains.kotlin.gradle.plugin.internal.ProjectIsolationStartParameterAccessor$Factory: loaded 2 times (x 70B)
Class org.jetbrains.kotlin.gradle.targets.native.internal.CommonizerTasksKt           : loaded 2 times (x 71B)
Class [Lorg.jetbrains.kotlin.gradle.targets.js.npm.NpmDependency$Scope;               : loaded 2 times (x 69B)
Class org.jetbrains.kotlin.gradle.plugin.KotlinCompilerPluginSupportPlugin            : loaded 2 times (x 70B)
Class org.jetbrains.kotlin.gradle.plugin.mpp.AbstractKotlinTarget$components$2        : loaded 2 times (x 79B)
Class org.jetbrains.kotlin.gradle.plugin.mpp.KotlinUsages$setupAttributesMatchingStrategy$1: loaded 2 times (x 74B)
Class org.jetbrains.kotlin.gradle.utils.AndroidPluginIdsKt                            : loaded 2 times (x 71B)
Class com.google.common.collect.RegularImmutableBiMap                                 : loaded 2 times (x 149B)
Class com.google.common.cache.LocalCache$ValueReference                               : loaded 2 times (x 70B)
Class com.google.common.base.CharMatcher$Negated                                      : loaded 2 times (x 113B)
Class com.google.common.base.CharMatcher$Is                                           : loaded 2 times (x 111B)
Class org.jetbrains.kotlin.gradle.plugin.KotlinBasePlugin                             : loaded 2 times (x 70B)
Class org.jetbrains.kotlin.gradle.utils.FutureKt                                      : loaded 2 times (x 71B)
Class org.jetbrains.kotlin.gradle.logging.GradleLoggingUtilsKt                        : loaded 2 times (x 71B)
Class com.google.common.util.concurrent.AbstractFuture$Failure                        : loaded 2 times (x 72B)
Class com.google.common.base.Equivalence$Equals                                       : loaded 2 times (x 82B)
Class com.google.common.collect.Hashing                                               : loaded 2 times (x 71B)
Class com.google.common.base.Preconditions                                            : loaded 2 times (x 71B)
Class org.jetbrains.kotlin.gradle.plugin.KotlinAndroidPluginWrapper                   : loaded 2 times (x 86B)
Class org.jetbrains.kotlin.cli.common.arguments.CommonToolArguments                   : loaded 2 times (x 73B)
Class [Lorg.jetbrains.kotlin.gradle.dsl.PlatformSourceSetConventionsChecker$CheckedPlatformInfo;: loaded 2 times (x 69B)
Class org.jetbrains.kotlin.gradle.plugin.diagnostics.KotlinGradleProjectCheckerContext: loaded 2 times (x 72B)
Class org.jetbrains.kotlin.gradle.plugin.diagnostics.checkers.DuplicateSourceSetChecker: loaded 2 times (x 74B)
Class org.jetbrains.kotlin.gradle.plugin.diagnostics.ToolingDiagnosticFactory         : loaded 2 times (x 73B)
Class org.jetbrains.kotlin.gradle.targets.KotlinTargetSideEffect                      : loaded 2 times (x 70B)
Class org.jetbrains.kotlin.gradle.plugin.DefaultKotlinBasePlugin$setupAttributeMatchingStrategy$1$1: loaded 2 times (x 79B)
Class org.jetbrains.kotlin.statistics.metrics.NumericalMetrics$Companion              : loaded 2 times (x 71B)
Class [Lorg.jetbrains.kotlin.statistics.metrics.NumberAnonymizationPolicy;            : loaded 2 times (x 69B)
Class org.jetbrains.kotlin.statistics.metrics.NumberOverridePolicy$OVERRIDE           : loaded 2 times (x 85B)
Class org.jetbrains.kotlin.gradle.internal.properties.PropertiesBuildService$property$1: loaded 2 times (x 79B)
Class com.google.common.base.Joiner$1                                                 : loaded 2 times (x 80B)
Class org.objectweb.asm.Label                                                         : loaded 2 times (x 73B)
Class org.objectweb.asm.CurrentFrame                                                  : loaded 2 times (x 73B)
Class org.objectweb.asm.ClassTooLargeException                                        : loaded 2 times (x 83B)
Class com.google.common.base.CharMatcher                                              : loaded 2 times (x 111B)
Class com.google.common.collect.PeekingIterator                                       : loaded 2 times (x 70B)
Class org.jetbrains.kotlin.gradle.internal.properties.PropertiesBuildService$property$2: loaded 2 times (x 79B)
Class org.jetbrains.kotlin.gradle.internal.KotlinDependenciesManagementKt             : loaded 2 times (x 71B)
Class org.jetbrains.kotlin.gradle.plugin.DefaultKotlinBasePlugin$setupAttributeMatchingStrategy$1$2: loaded 2 times (x 79B)
Class org.jetbrains.kotlin.gradle.plugin.statistics.KotlinBuildStatsLoggerService     : loaded 2 times (x 72B)
Class org.jetbrains.kotlin.gradle.plugin.internal.CustomPropertiesFileValueSource$Inject: loaded 2 times (x 113B)
Class com.google.common.base.Joiner$2                                                 : loaded 2 times (x 79B)
Class org.objectweb.asm.Frame                                                         : loaded 2 times (x 73B)
Class org.objectweb.asm.MethodVisitor                                                 : loaded 2 times (x 105B)
Class com.google.common.cache.LocalCache$EntryFactory$1                               : loaded 2 times (x 83B)
Class [Lcom.google.common.cache.RemovalListener;                                      : loaded 2 times (x 69B)
Class com.google.common.base.CharMatcher$1                                            : loaded 2 times (x 113B)
Class com.google.common.base.CharMatcher$NamedFastMatcher                             : loaded 2 times (x 112B)
Class org.jetbrains.kotlin.konan.target.KonanTarget$WATCHOS_DEVICE_ARM64              : loaded 2 times (x 78B)
Class org.jetbrains.kotlin.gradle.plugin.diagnostics.checkers.MissingNativeStdlibChecker$runChecks$1: loaded 2 times (x 88B)
Class [Lorg.jetbrains.kotlin.gradle.plugin.sources.android.AndroidVariantType;        : loaded 2 times (x 69B)
Class org.jetbrains.kotlin.gradle.plugin.sources.android.AndroidVariantType           : loaded 2 times (x 79B)
Class org.jetbrains.kotlin.gradle.plugin.mpp.KotlinTargetSoftwareComponent            : loaded 2 times (x 89B)
Class org.jetbrains.kotlin.gradle.plugin.mpp.KotlinVariant                            : loaded 2 times (x 101B)
Class org.jetbrains.kotlin.gradle.targets.native.ConfigureFrameworkExportSideEffectKt : loaded 2 times (x 71B)
Class org.jetbrains.kotlin.gradle.utils.WhenPluginEnabledKt                           : loaded 2 times (x 71B)
Class org.jetbrains.kotlin.gradle.plugin.VariantImplementationFactories               : loaded 2 times (x 75B)
Class com.google.common.cache.LocalCache$EntryFactory$2                               : loaded 2 times (x 83B)
Class org.gradle.api.internal.classpath.GlobalCacheRootsProvider                      : loaded 2 times (x 70B)
Class org.jetbrains.kotlin.gradle.targets.js.dsl.KotlinWasmWasiTargetDsl              : loaded 2 times (x 70B)
Class org.jetbrains.kotlin.gradle.plugin.diagnostics.checkers.DisabledNativeTargetsChecker: loaded 2 times (x 74B)
Class org.jetbrains.kotlin.gradle.plugin.mpp.compilationImpl.KotlinCreateSourcesJarTaskSideEffectKt$KotlinCreateSourcesJarTaskSideEffect$1: loaded 2 times (x 74B)
Class org.jetbrains.kotlin.gradle.internal.CompilerArgumentAware                      : loaded 2 times (x 70B)
Class org.jetbrains.kotlin.gradle.utils.ReportUtilsKt                                 : loaded 2 times (x 71B)
Class org.jetbrains.kotlin.gradle.utils.StoredLazyProperty                            : loaded 2 times (x 75B)
Class org.objectweb.asm.ModuleWriter                                                  : loaded 2 times (x 82B)
Class com.google.common.cache.LocalCache$EntryFactory$3                               : loaded 2 times (x 83B)
Class com.google.common.base.Ticker$1                                                 : loaded 2 times (x 72B)
Class com.google.common.collect.Maps$BiMapConverter                                   : loaded 2 times (x 90B)
Class com.google.common.collect.ImmutableMapEntrySet$RegularEntrySet                  : loaded 2 times (x 152B)
Class Native_plugin_loader_gradle$NativePluginLoader                                  : loaded 2 times (x 72B)
Class com.google.common.collect.SetMultimap                                           : loaded 2 times (x 70B)
Class org.jetbrains.kotlin.gradle.dsl.AndroidMainSourceSetConventionsChecker$runChecks$1: loaded 2 times (x 88B)
Class org.jetbrains.kotlin.gradle.plugin.sources.FragmentConsistencyChecks            : loaded 2 times (x 72B)
Class org.jetbrains.kotlin.gradle.plugin.mpp.InternalKotlinTargetComponent            : loaded 2 times (x 93B)
Class org.jetbrains.kotlin.gradle.targets.CreateDefaultTestRunSideEffectKt$special$$inlined$KotlinTargetSideEffect$1: loaded 2 times (x 74B)
Class org.jetbrains.kotlin.gradle.utils.ProviderApiUtilsKt                            : loaded 2 times (x 71B)
Class org.jetbrains.kotlin.gradle.internal.properties.NativePropertiesLoader$forceDisableRunningInProcess$1: loaded 2 times (x 75B)
Class org.jetbrains.kotlin.gradle.utils.PersistentCachesKt                            : loaded 2 times (x 71B)
Class org.jetbrains.kotlin.gradle.internal.tasks.TaskWithLocalState                   : loaded 2 times (x 70B)
Class org.jetbrains.kotlin.gradle.plugin.statistics.KotlinBuildStatisticsUtilsKt      : loaded 2 times (x 71B)
Class org.jetbrains.kotlin.statistics.metrics.BooleanMetrics                          : loaded 2 times (x 80B)
Class org.jetbrains.kotlin.gradle.internal.properties.PropertiesBuildService$Params   : loaded 2 times (x 70B)
Class com.google.common.cache.LocalCache$EntryFactory$4                               : loaded 2 times (x 83B)
Class com.google.common.base.CharMatcher$InRange                                      : loaded 2 times (x 111B)
Class com.google.common.collect.ImmutableSet$Builder                                  : loaded 2 times (x 85B)
Class org.jetbrains.kotlin.gradle.plugin.diagnostics.checkers.OverriddenKotlinNativeHomeChecker$StdlibExistenceCheckerValueSource$Inject: loaded 2 times (x 109B)
Class org.jetbrains.kotlin.gradle.utils.ConfigurationsKt$maybeCreateDependencyScope$1 : loaded 2 times (x 78B)
Class org.jetbrains.kotlin.gradle.plugin.sources.FragmentConsistencyChecks$languageVersionCheck$1: loaded 2 times (x 79B)
Class org.jetbrains.kotlin.gradle.plugin.mpp.DecoratedKotlinCompilation               : loaded 2 times (x 191B)
Class org.jetbrains.kotlin.gradle.plugin.diagnostics.checkers.ExperimentalTryNextUsageChecker: loaded 2 times (x 74B)
Class [Lorg.jetbrains.kotlin.gradle.plugin.diagnostics.ToolingDiagnostic$Severity;    : loaded 2 times (x 69B)
Class [Lorg.jetbrains.kotlin.gradle.plugin.KotlinPlatformType;                        : loaded 2 times (x 69B)
Class org.jetbrains.kotlin.gradle.plugin.statistics.UsesBuildFusService               : loaded 2 times (x 70B)
Class org.jetbrains.kotlin.gradle.plugin.statistics.old.Pre232IdeaKotlinBuildStatsBeanService: loaded 2 times (x 95B)
Class org.jetbrains.kotlin.statistics.metrics.NumberOverridePolicy$AVERAGE            : loaded 2 times (x 85B)
Class org.jetbrains.kotlin.gradle.plugin.VariantImplementationFactories$Parameters$Inject: loaded 2 times (x 106B)
Class com.google.common.cache.LocalCache$EntryFactory$5                               : loaded 2 times (x 83B)
Class org.jetbrains.kotlin.gradle.dsl.KotlinMultiplatformSourceSetConventions         : loaded 2 times (x 70B)
Class org.jetbrains.kotlin.gradle.targets.jvm.KotlinJvmTarget                         : loaded 2 times (x 166B)
Class org.jetbrains.kotlin.gradle.targets.js.dsl.KotlinWasmJsTargetDsl                : loaded 2 times (x 70B)
Class org.jetbrains.kotlin.gradle.plugin.diagnostics.checkers.DisabledNativeTargetsChecker$runChecks$1: loaded 2 times (x 88B)
Class org.jetbrains.kotlin.gradle.plugin.KotlinPluginLifecycleImpl$await$2$1          : loaded 2 times (x 79B)
Class org.jetbrains.kotlin.gradle.plugin.sources.DefaultLanguageSettingsBuilder       : loaded 2 times (x 100B)
Class org.jetbrains.kotlin.gradle.plugin.sources.FragmentConsistencyChecks$languageVersionCheck$2: loaded 2 times (x 78B)
Class org.jetbrains.kotlin.gradle.targets.CreateTargetConfigurationsSideEffectKt$CreateTargetConfigurationsSideEffect$1: loaded 2 times (x 74B)
Class org.jetbrains.kotlin.gradle.dsl.KotlinTargetContainerWithPresetFunctions        : loaded 2 times (x 70B)
Class org.jetbrains.kotlin.gradle.utils.GradleConfigurationUtilsKt                    : loaded 2 times (x 71B)
Class org.jetbrains.kotlin.gradle.plugin.internal.CustomPropertiesFileValueSource$Parameters: loaded 2 times (x 70B)
Class org.jetbrains.kotlin.gradle.plugin.UsesBuildFinishedListenerService             : loaded 2 times (x 70B)
Class com.google.common.cache.LocalCache$EntryFactory$6                               : loaded 2 times (x 83B)
Class org.gradle.internal.installation.CurrentGradleInstallationLocator               : loaded 2 times (x 71B)
Class org.jetbrains.kotlin.konan.target.KonanTarget$IOS_X64                           : loaded 2 times (x 78B)
Class org.jetbrains.kotlin.gradle.plugin.mpp.InternalKotlinCompilation                : loaded 2 times (x 70B)
Class org.jetbrains.kotlin.gradle.utils.WhenEvaluatedKt                               : loaded 2 times (x 71B)
Class org.jetbrains.kotlin.gradle.targets.native.internal.AddKotlinPlatformIntegersSupportLibraryKt: loaded 2 times (x 71B)
Class org.jetbrains.kotlin.gradle.plugin.AbstractKotlinJsPluginWrapper                : loaded 2 times (x 86B)
Class org.jetbrains.kotlin.gradle.plugin.KotlinPluginWrapperKt                        : loaded 2 times (x 71B)
Class com.google.common.cache.LocalCache$EntryFactory$7                               : loaded 2 times (x 83B)
Class com.google.common.collect.ImmutableSet$EmptySetBuilderImpl                      : loaded 2 times (x 76B)
Class com.google.common.collect.ImmutableList                                         : loaded 2 times (x 206B)
Class org.gradle.internal.service.DefaultServiceLocator                               : loaded 2 times (x 83B)
Class jdk.internal.jrtfs.JrtDirectoryStream                                           : loaded 2 times (x 89B)
Class org.jetbrains.kotlin.gradle.utils.Completable$await$1                           : loaded 2 times (x 88B)
Class org.jetbrains.kotlin.gradle.plugin.diagnostics.checkers.WasmJsEnvironmentChecker: loaded 2 times (x 76B)
Class org.jetbrains.kotlin.gradle.plugin.diagnostics.checkers.AndroidPluginWithoutAndroidTargetChecker: loaded 2 times (x 74B)
Class org.jetbrains.kotlin.statistics.metrics.NumberOverridePolicy                    : loaded 2 times (x 85B)
Class org.jetbrains.kotlin.statistics.metrics.StringAnonymizationPolicy$AllowedListAnonymizer$Companion: loaded 2 times (x 71B)
Class org.jetbrains.kotlin.gradle.plugin.internal.DefaultProjectIsolationStartParameterAccessor_Decorated: loaded 2 times (x 125B)
Class org.jetbrains.kotlin.gradle.plugin.internal.ProjectIsolationStartParameterAccessorKt: loaded 2 times (x 71B)
Class org.jetbrains.kotlin.gradle.testing.internal.KotlinTestsRegistry                : loaded 2 times (x 72B)
Class com.google.common.cache.LocalCache$EntryFactory$8                               : loaded 2 times (x 83B)
Class com.google.common.collect.ImmutableSet$SetBuilderImpl                           : loaded 2 times (x 76B)
Class org.gradle.internal.installation.CurrentGradleInstallation                      : loaded 2 times (x 73B)
Class org.jetbrains.kotlin.gradle.plugin.KotlinCompilation                            : loaded 2 times (x 70B)
Class org.jetbrains.kotlin.gradle.plugin.KotlinTargetConfiguratorKt                   : loaded 2 times (x 71B)
Class org.jetbrains.kotlin.tooling.core.Extras$Type$Companion                         : loaded 2 times (x 71B)
Class com.google.common.cache.CacheLoader$1                                           : loaded 2 times (x 75B)
Class com.google.common.collect.ImmutableList$SubList                                 : loaded 2 times (x 209B)
Class org.gradle.util.internal.GUtil                                                  : loaded 2 times (x 71B)
Class org.jetbrains.kotlin.gradle.dsl.IosSourceSetConventionChecker$runChecks$1       : loaded 2 times (x 88B)
Class org.jetbrains.kotlin.gradle.plugin.mpp.AbstractKotlinCompilation                : loaded 2 times (x 191B)
Class org.jetbrains.kotlin.gradle.plugin.diagnostics.checkers.UnusedSourceSetsChecker : loaded 2 times (x 74B)
Class org.jetbrains.kotlin.gradle.utils.Future                                        : loaded 2 times (x 70B)
Class org.jetbrains.kotlin.gradle.plugin.statistics.KotlinBuildStatsConfiguration$Companion: loaded 2 times (x 71B)
Class com.google.common.cache.AbstractCache$StatsCounter                              : loaded 2 times (x 70B)
Class org.jetbrains.kotlin.gradle.targets.js.dsl.KotlinJsSubTargetContainerDsl        : loaded 2 times (x 70B)
Class org.jetbrains.kotlin.tooling.core.MutableExtrasImpl$Companion                   : loaded 2 times (x 71B)
Class org.jetbrains.kotlin.gradle.plugin.KotlinGradleBuildServices$Companion$registerIfAbsent$1: loaded 2 times (x 75B)
Class org.jetbrains.kotlin.statistics.fileloggers.MetricsContainer                    : loaded 2 times (x 77B)
Class org.jetbrains.kotlin.gradle.plugin.internal.ProjectIsolationStartParameterAccessor: loaded 2 times (x 70B)
Class org.jetbrains.kotlin.gradle.utils.StoredProperty                                : loaded 2 times (x 70B)
Class com.google.common.collect.Iterators$MergingIterator                             : loaded 2 times (x 81B)
Class com.google.common.collect.RegularImmutableSet                                   : loaded 2 times (x 149B)
Class org.gradle.internal.installation.GradleInstallation                             : loaded 2 times (x 75B)
Class jdk.internal.jimage.decompressor.ResourceDecompressor$StringsProvider           : loaded 2 times (x 70B)
Class org.jetbrains.kotlin.gradle.tasks.KotlinJavaToolchain                           : loaded 2 times (x 70B)
Class org.jetbrains.kotlin.statistics.metrics.BooleanMetrics$Companion                : loaded 2 times (x 71B)
Class org.jetbrains.kotlin.gradle.plugin.internal.CompatibilityConventionRegistrar    : loaded 2 times (x 70B)
Class com.google.common.collect.Iterables                                             : loaded 2 times (x 71B)
Class org.jetbrains.kotlin.konan.target.KonanTarget$WATCHOS_ARM64                     : loaded 2 times (x 78B)
Class org.jetbrains.kotlin.konan.target.KonanTarget$MACOS_ARM64                       : loaded 2 times (x 78B)
Class org.jetbrains.kotlin.gradle.plugin.diagnostics.checkers.OverriddenKotlinNativeHomeChecker: loaded 2 times (x 74B)
Class org.jetbrains.kotlin.gradle.artifacts.KotlinJvmJarArtifactKt$KotlinJvmJarArtifact$1: loaded 2 times (x 74B)
Class org.jetbrains.kotlin.gradle.targets.native.SetupEmbedAndSignAppleFrameworkTaskSideEffectKt: loaded 2 times (x 71B)
Class org.jetbrains.kotlin.gradle.plugin.KotlinProjectSetupActionKt$KotlinProjectSetupCoroutine$1: loaded 2 times (x 75B)
Class org.jetbrains.kotlin.gradle.dsl.ToolchainSupport$Companion                      : loaded 2 times (x 71B)
Class org.jetbrains.kotlin.gradle.plugin.KotlinSourceSet                              : loaded 2 times (x 70B)

---------------  S Y S T E M  ---------------

OS:
 Windows 11 , 64 bit Build 26100 (10.0.26100.7920)
OS uptime: 4 days 9:31 hours
Hyper-V role detected

CPU: total 16 (initial active 16) (8 cores per cpu, 2 threads per core) family 6 model 154 stepping 3 microcode 0x434, cx8, cmov, fxsr, ht, mmx, 3dnowpref, sse, sse2, sse3, ssse3, sse4.1, sse4.2, popcnt, lzcnt, tsc, tscinvbit, avx, avx2, aes, erms, clmul, bmi1, bmi2, adx, sha, fma, vzeroupper, clflush, clflushopt, clwb, hv, serialize, rdtscp, rdpid, fsrm, f16c, cet_ibt, cet_ss
Processor Information for processor 0
  Max Mhz: 2500, Current Mhz: 2500, Mhz Limit: 2500
Processor Information for processor 1
  Max Mhz: 2500, Current Mhz: 2500, Mhz Limit: 2500
Processor Information for processor 2
  Max Mhz: 2500, Current Mhz: 2500, Mhz Limit: 2500
Processor Information for processor 3
  Max Mhz: 2500, Current Mhz: 2500, Mhz Limit: 2500
Processor Information for processor 4
  Max Mhz: 2500, Current Mhz: 2500, Mhz Limit: 2500
Processor Information for processor 5
  Max Mhz: 2500, Current Mhz: 2500, Mhz Limit: 2500
Processor Information for processor 6
  Max Mhz: 2500, Current Mhz: 2500, Mhz Limit: 2500
Processor Information for processor 7
  Max Mhz: 2500, Current Mhz: 2500, Mhz Limit: 2500
Processor Information for processor 8
  Max Mhz: 2500, Current Mhz: 1527, Mhz Limit: 2500
Processor Information for processor 9
  Max Mhz: 2500, Current Mhz: 2500, Mhz Limit: 2500
Processor Information for processor 10
  Max Mhz: 2500, Current Mhz: 1527, Mhz Limit: 2500
Processor Information for processor 11
  Max Mhz: 2500, Current Mhz: 1527, Mhz Limit: 2500
Processor Information for processor 12
  Max Mhz: 2500, Current Mhz: 1527, Mhz Limit: 2500
Processor Information for processor 13
  Max Mhz: 2500, Current Mhz: 1527, Mhz Limit: 2500
Processor Information for processor 14
  Max Mhz: 2500, Current Mhz: 1527, Mhz Limit: 2500
Processor Information for processor 15
  Max Mhz: 2500, Current Mhz: 1527, Mhz Limit: 2500

Memory: 4k page, system-wide physical 7859M (396M free)
TotalPageFile size 32435M (AvailPageFile size 130M)
current process WorkingSet (physical memory assigned to process): 543M, peak: 619M
current process commit charge ("private bytes"): 679M, peak: 766M

vm_info: OpenJDK 64-Bit Server VM (21.0.9+-14649483-b1163.86) for windows-amd64 JRE (21.0.9+-14649483-b1163.86), built on 2025-12-30T22:08:35Z by "builder" with MS VC++ 16.10 / 16.11 (VS2019)

END.
